time,ankle_angle,pressure_1,pressure_2,pressure_3,pressure_4,pressure_5,pressure_6,pressure_7,pressure_8
6110.2920,-0.0049,55.9,45.7,54.0,49.9,52.2,44.2,49.2,53.4
6110.3042,-0.1405,58.0,50.4,50.7,47.9,58.1,47.1,43.3,55.6
6110.3159,-0.4320,58.9,51.4,48.8,54.4,57.4,48.5,45.5,59.0
6110.3281,-0.6025,58.4,50.2,48.3,59.9,53.9,48.3,49.2,59.9
6110.3398,-0.3556,54.9,59.0,49.3,54.3,53.2,62.0,49.8,53.3
6110.3521,-0.1631,50.7,60.2,52.4,50.6,52.5,67.4,52.8,50.2
6110.3638,0.2486,44.4,57.4,62.0,49.8,46.9,72.5,61.8,47.5
6110.3760,0.3063,43.5,56.6,59.1,48.7,47.1,67.1,61.9,47.4
6110.3882,-0.1282,42.6,62.1,52.6,42.3,49.0,61.1,55.3,43.9
6110.3999,-0.2050,48.6,59.2,47.1,46.1,54.1,55.3,50.6,47.8
6110.4121,-0.3373,55.5,53.9,40.7,54.9,61.3,52.3,43.8,54.3
6110.4238,-0.3273,61.3,55.1,40.3,53.9,63.2,51.1,43.0,54.9
6110.4360,-0.0661,65.6,56.9,42.0,51.1,63.2,49.8,44.8,53.9
6110.4482,0.2793,60.5,50.4,53.6,50.4,56.4,48.9,56.9,52.4
6110.4600,0.5131,55.3,46.9,60.0,51.0,51.8,48.8,62.6,51.4
6110.4722,0.3296,58.9,47.7,53.8,52.6,56.7,49.2,49.2,56.4
6110.4839,0.1511,57.9,50.0,50.0,53.0,55.6,51.3,42.1,57.6
6110.4961,-0.0594,49.5,51.8,54.2,50.1,47.0,61.1,42.6,51.3
6110.5078,-0.1072,45.1,52.3,56.9,48.7,42.3,62.5,48.1,47.9
6110.5200,-0.4030,42.3,52.6,61.3,49.1,36.9,64.4,53.7,46.9
6110.5322,-0.4213,43.1,50.7,56.9,52.6,41.2,56.5,55.5,48.9
6110.5439,-0.2861,44.8,46.4,51.0,60.2,45.6,44.8,56.2,53.6
6110.5562,-0.2583,47.7,50.0,49.2,53.9,50.8,44.2,54.2,49.9
6110.5679,0.0511,49.3,55.5,49.3,45.7,53.4,49.6,52.2,44.8
6110.5801,0.0704,45.8,61.8,53.4,43.6,52.2,60.3,52.1,41.2
6110.5918,0.1127,45.3,63.4,56.2,43.6,50.6,64.6,51.6,41.5
6110.6040,0.0817,51.5,61.9,51.9,43.9,57.6,58.4,45.3,46.3
6110.6162,0.0207,54.9,59.2,48.0,47.9,59.6,52.5,44.0,51.0
6110.6279,0.1309,58.9,52.5,44.5,58.5,55.4,44.3,50.9,58.2
6110.6401,0.1508,58.6,48.2,48.8,60.8,50.9,44.4,55.8,58.2
6110.6519,0.0464,53.9,45.6,59.0,56.6,43.5,49.8,61.5,53.8
6110.6641,0.0255,49.4,52.8,61.9,53.2,41.9,56.4,60.3,48.5
6110.6758,-0.1699,45.5,64.5,62.9,49.4,42.6,64.2,56.6,42.8
6110.6880,-0.1823,44.7,61.5,65.3,49.0,40.4,61.5,54.1,42.7
6110.7002,-0.1919,45.4,53.7,67.7,48.9,39.5,56.8,51.6,45.0
6110.7119,-0.2281,43.5,54.6,61.9,47.0,46.1,59.1,51.1,41.7
6110.7241,-0.2529,43.6,54.1,56.3,46.7,51.7,59.2,53.3,41.8
6110.7358,-0.1377,47.3,53.3,51.0,45.3,62.4,55.3,50.9,42.8
6110.7480,-0.0874,50.2,52.5,49.5,48.3,63.1,54.2,50.5,48.7
6110.7598,0.1027,57.7,51.1,45.3,61.3,64.6,53.2,48.1,61.7
6110.7720,0.1165,58.7,48.9,44.4,64.7,62.1,50.8,47.3,66.0
6110.7842,0.3043,55.6,45.8,44.0,68.3,57.7,45.0,46.0,71.3
6110.7959,0.3167,48.5,46.2,50.7,60.8,50.3,48.5,48.7,63.1
6110.8081,-0.1168,40.9,47.8,56.8,51.7,41.6,56.8,49.1,51.6
6110.8198,-0.1462,42.2,55.0,56.1,46.1,43.3,61.0,51.0,43.1
6110.8320,-0.0418,44.7,61.6,52.5,44.6,47.3,62.8,51.5,40.8
6110.8442,0.0228,50.2,64.8,49.1,43.1,57.9,63.0,49.7,43.5
6110.8560,0.0816,54.1,61.1,48.4,45.0,63.9,58.3,50.8,47.5
6110.8682,0.1413,63.2,54.7,45.8,49.0,68.1,52.9,48.0,58.7
6110.8799,0.1316,62.6,50.8,45.6,51.7,62.7,50.1,48.8,60.6
6110.8921,0.1356,56.7,44.2,48.1,53.7,54.2,43.0,62.1,56.3
6110.9038,0.1417,53.6,43.6,49.4,52.9,51.4,41.5,61.1,53.7
6110.9160,-0.1055,55.6,45.4,46.2,51.4,53.2,42.3,46.8,55.4
6110.9282,-0.1344,53.3,48.1,48.0,48.8,52.9,50.9,43.2,53.1
6110.9399,0.0346,48.4,49.9,50.2,48.1,48.6,62.0,45.0,50.4
6110.9521,0.0438,45.1,55.1,50.7,45.3,48.4,65.8,47.2,46.5
6110.9639,0.0229,44.7,60.3,50.4,43.3,50.4,66.8,49.3,43.8
6110.9761,0.0749,53.5,61.6,48.6,44.6,59.7,60.2,48.2,48.5
6110.9878,0.1111,59.3,60.5,48.3,46.9,62.3,54.9,48.0,51.9
6111.0000,-0.1531,56.3,54.1,46.7,55.9,56.0,46.0,49.8,59.4
6111.0122,-0.2699,53.8,51.6,47.0,59.8,52.2,43.6,52.0,60.0
6111.0239,-0.4307,52.8,49.6,44.9,62.0,50.3,40.5,55.2,58.3
6111.0361,-0.4160,52.9,49.5,50.5,59.9,50.0,43.7,55.2,54.6
6111.0479,-0.2460,51.8,48.9,62.2,55.5,47.2,48.5,59.0,51.2
6111.0601,-0.1994,49.3,54.9,61.8,51.6,46.8,58.0,56.1,47.8
6111.0718,0.0143,44.5,62.3,57.1,47.1,46.4,68.6,53.2,43.3
6111.0840,0.0111,46.8,61.1,53.6,46.6,55.8,64.4,51.8,42.3
6111.0962,-0.0891,50.4,58.0,51.8,47.3,63.9,57.5,50.3,43.1
6111.1079,-0.1013,53.6,61.0,50.9,44.2,70.4,56.6,47.7,43.1
6111.1201,-0.1171,53.8,61.5,50.1,44.3,67.8,57.3,47.2,44.9
6111.1318,-0.3008,48.3,58.8,51.7,46.3,56.5,69.0,48.1,45.6
6111.1440,-0.3618,47.1,54.9,51.7,47.9,51.3,68.7,50.6,47.9
6111.1558,-0.4556,56.5,49.7,44.9,52.5,59.5,59.6,47.8,59.1
6111.1680,-0.4033,57.1,49.6,44.9,53.1,59.0,55.3,48.0,59.6
6111.1802,-0.1985,49.2,56.0,47.0,49.2,52.7,60.0,49.3,51.8
6111.1919,-0.1595,50.0,57.5,48.3,45.0,54.1,57.7,51.3,48.3
6111.2041,-0.0223,56.6,57.5,48.1,40.8,62.4,53.5,50.1,46.4
6111.2158,-0.0035,55.8,52.4,46.4,48.3,58.8,46.5,52.6,53.2
6111.2280,0.0610,52.7,46.4,45.3,56.4,52.4,40.2,54.8,60.3
6111.2402,0.6638,54.4,45.3,43.7,56.8,53.3,40.9,47.8,67.1
6111.2520,1.1158,55.0,46.8,44.6,55.4,52.9,45.3,44.5,66.4
6111.2642,0.8609,49.2,49.3,49.5,52.1,47.6,62.5,45.5,55.3
6111.2759,0.6068,47.2,52.2,53.4,48.5,48.2,67.0,48.6,48.1
6111.2881,0.2444,49.8,56.5,53.1,43.3,56.7,65.2,49.1,41.0
6111.2998,0.1304,52.0,55.2,54.4,43.2,57.7,59.0,51.5,41.7
6111.3120,-0.0033,49.8,48.6,61.0,45.5,49.7,53.7,60.1,44.6
6111.3242,-0.0029,49.8,50.3,58.5,44.9,49.7,51.0,58.1,44.0
6111.3359,0.1719,51.1,56.4,53.4,40.3,55.0,51.5,51.1,40.5
6111.3481,0.1662,56.5,58.8,50.3,41.7,60.9,50.7,46.2,45.4
6111.3599,0.3373,60.3,58.7,48.4,44.7,64.8,50.1,44.0,50.4
6111.3721,0.2284,56.6,49.9,51.6,49.8,58.0,47.8,53.3,50.3
6111.3838,0.1282,54.4,45.0,54.0,53.0,52.2,47.0,59.0,50.1
6111.3960,-0.0682,54.7,52.6,52.6,44.4,58.8,52.9,55.7,46.7
6111.4082,-0.1351,54.9,58.4,51.6,42.1,61.3,54.5,53.1,45.7
6111.4199,-0.0344,61.4,62.3,47.9,41.8,65.3,51.8,45.7,47.0
6111.4321,0.0149,58.9,63.3,48.2,45.0,60.8,51.1,46.1,47.6
6111.4438,-0.0616,50.2,68.3,49.0,45.2,52.3,54.6,46.4,43.1
6111.4561,-0.0846,45.7,64.6,54.5,47.4,48.1,54.8,52.4,44.3
6111.4678,-0.0344,42.9,61.3,60.7,49.6,44.8,54.4,60.1,48.4
6111.4800,-0.0369,44.3,59.0,58.5,46.7,46.4,60.6,59.0,48.1
6111.4922,-0.2113,45.3,58.8,54.1,44.0,48.5,65.8,56.6,45.3
6111.5039,-0.1249,52.9,55.4,46.2,49.6,55.7,60.3,49.3,55.8
6111.5161,-0.0739,57.6,51.4,44.1,53.7,59.2,54.5,45.9,62.7
6111.5278,0.0558,54.8,46.7,42.9,61.0,56.9,44.7,48.0,61.0
6111.5400,0.1293,51.3,45.9,46.0,61.4,53.2,45.1,52.6,57.4
6111.5518,-0.0093,48.6,42.2,57.5,57.8,49.6,47.9,67.0,55.7
6111.5640,-0.0845,47.0,44.2,62.4,52.9,48.2,52.2,68.8,52.5
6111.5762,-0.2664,42.1,50.1,65.2,49.8,43.7,62.1,61.2,49.4
6111.5879,-0.2601,46.2,51.9,56.9,48.5,48.8,59.3,52.1,52.9
6111.6001,-0.4083,55.1,50.9,46.3,48.9,59.4,53.3,45.0,59.3
6111.6118,-0.4151,57.8,49.5,44.3,53.2,58.4,48.2,44.8,61.1
6111.6240,-0.5729,57.8,47.6,44.2,58.3,54.4,44.8,46.8,61.7
6111.6362,-0.2578,54.5,44.4,43.2,58.6,50.6,39.1,53.8,61.0
6111.6479,0.0407,51.6,45.0,44.1,55.6,49.0,39.6,57.2,57.0
6111.6602,0.4049,55.8,47.5,39.6,59.0,54.1,42.9,52.3,56.9
6111.6719,0.5042,55.8,49.8,40.3,58.1,55.2,46.7,53.3,55.5
6111.6841,0.3080,47.1,57.0,45.6,53.2,46.9,49.0,63.5,51.8
6111.6958,0.2056,45.1,59.0,49.7,48.7,42.8,54.1,63.1,48.6
6111.7080,0.1448,44.2,64.7,50.6,41.9,41.3,64.3,58.6,42.0
6111.7202,0.1255,48.2,63.2,50.0,43.4,49.8,61.9,53.1,41.3
6111.7319,0.0601,54.4,60.8,48.9,45.4,63.7,55.8,47.7,42.1
6111.7441,0.0533,61.1,57.0,47.6,48.6,66.9,52.3,43.1,50.6
6111.7559,-0.1225,65.2,54.3,46.3,50.2,67.5,50.1,40.9,56.6
6111.7681,-0.3843,57.0,55.2,53.2,49.9,52.6,57.9,49.5,52.8
6111.7798,-0.5571,52.0,56.5,57.3,50.2,44.1,62.9,53.6,50.5
6111.7920,-0.3752,56.4,54.4,52.5,59.8,51.0,57.1,50.1,57.1
6111.8042,-0.2284,58.7,52.9,49.5,62.0,56.6,51.6,48.2,58.7
6111.8159,-0.2185,62.7,51.5,45.8,58.4,63.6,48.6,42.0,65.0
6111.8281,-0.2142,58.3,53.7,47.2,54.4,61.3,51.2,44.5,60.8
6111.8398,-0.4196,48.5,61.2,51.2,48.4,54.9,60.1,46.5,48.6
6111.8521,-0.4226,46.4,59.3,51.7,50.3,52.5,57.2,50.9,47.8
6111.8638,-0.1294,49.6,52.9,50.0,57.4,52.9,47.9,52.2,55.5
6111.8760,-0.1146,50.5,53.9,49.3,52.0,58.9,50.5,52.4,55.0
6111.8882,-0.2042,50.8,57.0,48.5,44.7,63.5,56.8,52.5,51.7
6111.8999,-0.2443,57.6,53.6,46.6,43.5,69.2,55.1,48.5,50.7
6111.9121,-0.2630,61.2,50.3,45.6,45.0,68.9,53.4,44.8,52.3
6111.9238,-0.3680,55.9,55.1,46.6,40.5,68.7,58.6,44.4,46.5
6111.9360,-0.3771,52.1,55.7,47.5,43.0,63.6,58.7,46.9,46.8
6111.9482,0.0242,58.3,51.4,41.6,50.5,65.2,53.2,41.7,57.8
6111.9600,0.1595,58.1,46.9,45.7,52.6,60.6,49.1,45.2,60.0
6111.9722,0.2085,53.1,40.6,58.4,52.1,51.9,44.0,55.9,56.2
6111.9839,0.1852,54.5,44.5,58.6,47.7,53.8,44.6,55.8,52.5
6111.9961,0.0811,59.6,51.4,54.0,41.5,60.1,47.3,50.3,52.8
6112.0078,0.0737,59.9,52.1,46.3,44.4,57.9,46.1,49.7,55.4
6112.0200,-0.2245,58.1,50.9,40.4,49.0,53.3,46.2,50.8,56.3
6112.0322,-0.3306,53.0,44.2,48.4,53.0,49.3,42.5,56.5,53.1
6112.0439,-0.3905,52.0,40.5,53.9,54.8,48.2,43.0,56.0,52.0
6112.0562,-0.3586,47.4,43.4,59.7,53.4,41.5,54.3,56.4,49.1
6112.0679,-0.3015,45.7,47.2,60.4,53.7,39.4,57.9,54.8,50.0
6112.0801,-0.4585,43.7,48.2,67.0,51.5,35.7,55.5,54.7,49.7
6112.0918,-0.4816,49.7,48.9,63.5,48.3,42.4,51.6,52.6,51.3
6112.1040,-0.2133,62.7,49.2,54.4,44.0,52.6,48.8,47.5,56.7
6112.1162,-0.1648,66.5,48.4,46.7,47.5,57.5,47.2,45.9,60.7
6112.1279,-0.1213,66.3,48.5,41.7,55.1,60.2,46.5,45.0,64.5
6112.1401,-0.1195,59.9,48.2,42.5,60.1,57.0,43.2,46.6,64.6
6112.1519,-0.0501,53.1,48.9,44.7,62.2,51.4,41.1,48.7,62.9
6112.1641,-0.1724,45.1,55.1,51.9,57.3,43.8,53.4,50.6,54.3
6112.1758,-0.3026,42.6,58.7,57.1,52.4,43.6,62.6,52.4,48.0
6112.1880,-0.2523,47.5,65.7,57.8,46.5,51.4,70.5,51.8,43.6
6112.2002,-0.1659,51.4,65.2,56.7,45.3,56.8,67.8,54.1,43.6
6112.2119,-0.2116,52.5,51.8,58.9,50.9,55.9,55.2,67.5,46.6
6112.2241,-0.2336,51.6,45.6,57.3,55.9,53.5,48.2,68.8,51.1
6112.2358,-0.0292,50.4,41.3,53.7,61.6,51.3,38.0,71.3,57.9
6112.2480,0.0057,48.5,46.0,51.0,57.5,51.7,42.1,65.2,53.8
6112.2598,-0.0837,46.7,54.4,48.2,49.1,52.1,52.0,57.1,44.4
6112.2720,-0.0926,47.8,59.5,48.8,45.7,56.6,58.5,53.5,43.4
6112.2842,-0.0077,50.1,61.1,49.4,44.3,60.3,60.3,51.9,45.4
6112.2959,0.1536,56.7,62.1,49.4,43.0,69.4,55.9,50.3,45.8
6112.3081,0.2503,60.0,59.5,50.2,44.6,71.7,50.8,50.3,47.4
6112.3198,0.2206,60.4,58.2,48.5,41.3,67.9,48.9,47.2,49.2
6112.3320,0.1661,57.3,56.0,47.8,42.1,61.7,47.6,46.2,51.2
6112.3442,0.1039,55.8,51.9,44.0,45.4,55.5,46.6,42.0,61.3
6112.3560,0.0781,52.3,51.2,45.9,48.3,48.5,50.5,45.0,61.1
6112.3682,0.2888,44.1,53.0,53.3,46.9,38.7,60.1,53.5,52.6
6112.3799,0.2946,42.3,54.6,55.5,44.4,44.7,59.7,56.2,45.8
6112.3921,0.2777,43.1,56.8,53.6,39.7,55.4,57.4,54.3,41.8
6112.4038,0.2671,44.8,52.8,52.1,46.8,55.5,49.3,55.4,46.3
6112.4160,0.3815,46.5,47.8,52.3,53.8,52.7,43.3,57.3,51.2
6112.4282,0.2098,45.9,44.0,56.4,58.3,48.2,40.6,64.5,50.5
6112.4399,0.1149,47.1,43.5,59.2,57.8,48.2,41.6,66.6,49.0
6112.4521,0.0819,43.5,46.0,62.8,50.7,43.4,52.2,66.8,45.5
6112.4639,0.0457,44.2,47.3,62.4,48.0,41.9,56.8,63.5,45.9
6112.4761,-0.0790,45.9,57.2,57.0,43.7,46.0,63.7,56.9,44.0
6112.4878,-0.1164,51.3,60.5,50.8,44.9,52.6,61.6,51.7,46.3
6112.5000,-0.2066,62.0,61.5,47.3,45.4,62.4,56.7,45.2,50.8
6112.5122,-0.2224,59.7,57.4,50.5,46.1,60.4,56.9,45.7,52.7
6112.5239,-0.5130,51.2,54.8,55.4,46.9,53.5,61.7,47.9,51.0
6112.5361,-0.5074,47.8,50.3,61.0,48.0,46.8,59.7,54.3,49.8
6112.5479,0.0914,46.5,47.1,65.3,49.6,42.0,57.6,60.0,49.0
6112.5601,0.0726,45.6,54.5,59.9,47.1,38.9,56.0,55.8,43.2
6112.5718,-0.0340,46.6,59.3,55.5,46.4,41.3,56.0,50.5,40.1
6112.5840,-0.1890,43.5,64.7,59.0,47.5,41.6,66.4,48.8,40.4
6112.5962,-0.2341,44.2,61.8,59.5,49.8,44.6,65.9,50.0,46.1
6112.6079,-0.3635,53.6,55.6,50.0,52.0,53.3,58.0,45.5,63.4
6112.6201,-0.3644,53.9,51.3,50.5,52.8,53.4,54.0,49.0,64.9
6112.6318,-0.1045,51.4,43.0,61.3,51.5,49.5,47.0,60.6,58.8
6112.6440,-0.0271,48.3,46.6,62.1,47.5,47.7,52.0,59.8,52.4
6112.6558,0.0678,43.3,54.4,59.5,46.5,42.1,62.6,55.4,47.9
6112.6680,0.0573,47.5,59.3,51.5,42.9,51.0,64.5,50.1,47.9
6112.6802,-0.2261,51.6,59.5,47.7,37.8,59.2,60.6,50.0,46.9
6112.6919,-0.0754,58.8,54.1,42.9,47.9,63.1,53.0,47.5,59.2
6112.7041,0.1216,60.9,51.0,42.1,54.9,61.6,49.9,45.1,65.2
6112.7158,0.0582,51.2,61.5,44.6,51.8,53.8,52.4,46.0,54.4
6112.7280,-0.0286,47.9,63.4,46.8,50.2,51.1,51.9,47.2,48.8
6112.7402,-0.0309,54.1,61.8,47.8,44.5,55.3,50.2,44.7,48.7
6112.7520,0.0277,58.3,57.3,49.6,42.8,55.3,49.0,45.5,48.2
6112.7642,-0.2339,63.4,56.8,48.2,39.4,54.1,51.7,46.0,42.4
6112.7759,-0.2840,61.6,54.4,45.1,46.6,51.2,51.7,45.6,45.6
6112.7881,-0.3855,60.5,50.9,41.4,56.6,50.6,47.6,42.9,52.2
6112.7998,-0.3768,55.9,48.6,49.9,55.7,48.4,48.1,51.6,53.1
6112.8120,-0.2243,51.6,48.1,56.9,54.6,46.0,49.8,59.9,53.0
6112.8242,-0.0353,46.2,57.4,56.1,51.1,44.5,55.2,57.3,46.8
6112.8359,0.0941,44.4,60.0,54.8,48.3,46.4,56.2,54.6,44.3
6112.8481,0.0088,53.1,54.9,48.8,46.7,55.9,52.1,45.6,52.7
6112.8599,-0.0507,58.0,50.0,46.7,48.2,59.7,49.2,43.6,56.7
6112.8721,0.0481,57.5,45.2,40.6,55.4,56.1,43.4,46.3,60.5
6112.8838,0.0986,53.3,48.1,44.2,56.1,52.0,46.7,49.7,57.0
6112.8960,-0.0763,46.7,56.4,51.8,52.2,47.3,57.0,51.0,50.4
6112.9082,-0.1201,48.6,60.2,54.9,48.3,50.2,60.1,51.6,48.9
6112.9199,-0.0640,53.7,64.7,54.1,41.5,56.5,61.6,49.6,49.4
6112.9321,-0.0508,53.9,60.4,53.9,48.9,54.6,53.4,51.4,55.4
6112.9438,0.0230,53.8,53.5,53.2,58.4,53.1,45.8,53.1,60.4
6112.9561,0.0388,46.5,56.0,56.6,56.8,45.6,57.5,53.3,54.3
6112.9678,0.0641,42.6,56.5,58.9,53.4,42.4,65.0,54.0,49.5
6112.9800,0.0281,51.4,52.2,51.7,50.2,51.7,58.6,44.3,53.9
6112.9922,-0.0059,55.5,51.4,49.7,47.9,55.9,55.5,43.2,54.7
6113.0039,0.0260,56.5,61.2,49.9,43.2,60.7,61.4,43.9,50.1
6113.0161,0.0226,56.1,62.8,49.5,43.5,64.4,61.9,46.2,48.9
6113.0278,-0.2954,59.3,61.9,47.9,43.4,73.6,58.1,46.4,46.4
6113.0400,-0.3463,59.3,56.8,45.9,46.7,71.5,54.4,46.2,52.0
6113.0518,-0.2886,61.9,52.4,43.0,50.1,69.2,50.4,43.9,60.7
6113.0640,-0.2707,55.9,53.9,45.4,47.5,61.2,52.8,46.9,53.9
6113.0762,-0.2451,49.6,56.9,47.3,45.2,54.5,56.4,49.9,44.8
6113.0879,-0.1243,51.6,51.4,45.0,51.8,49.5,48.7,52.7,51.0
6113.1001,-0.0607,54.5,46.7,44.8,56.5,49.0,43.3,54.7,57.1
6113.1118,0.1315,63.9,46.6,42.4,58.3,59.6,43.4,49.8,66.1
6113.1240,0.2152,63.2,49.8,44.5,56.5,60.6,49.1,47.7,65.3
6113.1362,0.0428,50.9,53.7,54.3,50.7,49.6,62.1,48.1,55.3
6113.1479,-0.0429,48.3,53.7,56.0,48.7,46.7,63.7,47.3,50.9
6113.1602,-0.1183,54.8,52.5,49.3,48.0,50.4,58.6,41.1,54.4
6113.1719,-0.1088,53.6,55.5,47.5,45.7,51.7,56.0,43.7,48.8
6113.1841,-0.2099,49.5,62.7,47.5,42.5,50.9,58.9,46.4,39.6
6113.1958,-0.2160,49.3,63.1,48.1,39.9,56.8,58.1,48.7,38.5
6113.2080,-0.2814,49.3,62.1,47.7,38.3,63.0,57.1,49.0,41.3
6113.2202,-0.3257,57.0,57.6,48.0,41.1,66.6,54.5,45.9,47.7
6113.2319,-0.2946,61.6,54.3,47.6,45.4,65.0,52.0,42.9,52.4
6113.2441,-0.2078,65.2,51.0,42.5,56.8,63.1,47.5,42.5,60.8
6113.2559,-0.1687,63.9,49.4,40.8,60.8,59.1,46.2,45.7,62.0
6113.2681,0.0451,61.9,47.1,37.5,64.2,53.5,43.5,50.4,63.2
6113.2798,0.1057,60.4,47.1,39.6,59.7,54.1,44.0,50.5,62.0
6113.2920,-0.1428,62.1,47.1,40.0,53.3,58.1,44.3,44.4,63.2
6113.3042,-0.1839,61.3,48.3,44.6,52.3,57.2,42.9,47.8,62.7
6113.3159,-0.3157,60.3,49.3,47.8,56.5,54.9,40.8,53.1,64.4
6113.3281,-0.3227,58.3,54.7,52.3,50.4,58.6,47.0,54.4,57.5
6113.3398,-0.4247,57.5,59.9,53.7,43.4,63.3,54.4,51.4,51.0
6113.3521,-0.2917,54.1,54.6,59.9,43.9,55.8,56.5,56.9,48.1
6113.3638,-0.1297,51.6,50.2,60.8,47.8,49.9,56.0,60.0,49.9
6113.3760,0.2249,46.7,50.3,62.7,50.2,44.3,49.8,64.6,50.4
6113.3882,0.3620,45.4,51.9,59.6,50.7,44.0,49.7,62.8,51.8
6113.3999,0.3632,48.2,57.0,52.0,46.7,51.4,55.3,53.6,47.8
6113.4121,0.3089,51.5,56.9,47.5,47.6,57.8,56.3,49.6,50.1
6113.4238,0.1454,59.4,54.6,43.1,52.2,64.6,54.3,47.1,59.2
6113.4360,0.1432,62.0,51.6,44.7,56.9,63.0,49.7,49.3,62.2
6113.4482,0.2545,60.7,50.2,46.7,63.1,57.2,43.5,52.0,65.0
6113.4600,0.2701,55.7,48.0,51.5,64.7,51.9,40.0,58.3,64.4
6113.4722,0.4377,53.5,46.0,55.3,63.4,51.8,39.0,62.8,63.0
6113.4839,0.2298,43.8,52.3,56.8,55.4,49.5,52.7,57.9,53.2
6113.4961,0.0182,39.7,56.2,56.0,49.9,49.5,60.2,53.7,47.7
6113.5078,-0.0835,39.0,49.5,59.6,46.6,44.8,52.9,55.8,46.3
6113.5200,-0.0977,41.4,46.2,58.8,45.9,45.4,48.5,56.1,46.8
6113.5322,-0.1599,42.9,51.4,54.2,40.4,55.1,51.2,53.0,42.9
6113.5439,-0.1665,48.4,52.7,49.3,43.5,58.3,52.8,50.3,45.7
6113.5562,-0.1821,56.7,52.0,42.1,54.0,60.5,49.9,46.4,57.1
6113.5679,-0.1697,56.8,49.0,43.2,58.6,57.8,47.0,51.0,59.2
6113.5801,0.0797,53.8,44.4,46.6,60.8,53.4,43.4,59.3,59.9
6113.5918,0.0959,50.4,42.8,53.4,57.0,49.3,42.2,65.4,55.1
6113.6040,0.0035,49.9,42.6,58.1,52.5,47.4,42.8,67.0,51.4
6113.6162,-0.1315,46.8,47.3,61.2,48.7,40.1,51.5,63.1,48.8
6113.6279,-0.2824,47.1,51.4,59.4,47.3,39.2,57.0,56.6,49.3
6113.6401,-0.0740,42.8,55.4,64.3,47.6,39.5,65.4,51.9,49.3
6113.6519,0.0934,45.7,56.4,63.0,49.8,44.5,63.2,50.3,49.6
6113.6641,0.0949,58.7,55.4,57.1,51.1,58.4,56.9,44.9,52.3
6113.6758,0.0404,62.9,53.6,51.9,53.4,61.9,52.8,43.9,54.8
6113.6880,-0.0197,63.7,51.5,44.6,59.7,62.2,48.7,40.9,60.8
6113.7002,-0.0093,57.3,51.2,43.0,63.3,56.7,47.3,41.4,60.7
6113.7119,0.1311,50.6,49.7,42.3,67.2,52.5,45.1,41.3,58.2
6113.7241,0.1267,48.3,55.7,47.1,58.5,54.1,53.1,46.5,51.6
6113.7358,0.2358,48.2,61.3,51.0,48.3,57.4,62.6,50.1,47.0
6113.7480,0.0668,55.4,62.2,52.1,42.4,61.5,61.7,48.8,49.5
6113.7598,-0.1606,59.9,60.4,50.5,43.2,62.7,57.9,46.6,53.3
6113.7720,-0.1632,55.4,64.2,50.2,43.4,59.0,62.2,47.5,50.0
6113.7842,-0.0705,51.9,62.5,50.7,46.0,55.5,60.7,51.5,49.6
6113.7959,-0.1820,54.3,60.2,48.4,43.5,57.2,55.2,49.0,50.8
6113.8081,-0.2281,54.9,57.5,48.6,42.8,59.4,53.0,48.9,50.6
6113.8198,0.0134,52.6,57.8,46.9,40.6,63.7,54.4,46.1,47.6
6113.8320,0.0643,50.6,54.3,51.4,44.5,57.0,56.0,48.6,49.1
6113.8442,-0.1221,48.3,50.7,58.3,47.8,46.7,58.3,54.6,49.9
6113.8560,-0.1373,43.5,57.7,56.6,48.8,42.2,60.3,55.8,46.5
6113.8682,-0.1949,40.8,64.3,54.0,47.2,42.2,60.8,53.6,42.8
6113.8799,-0.2002,49.3,63.2,50.6,43.5,50.9,53.8,48.2,46.2
6113.8921,-0.1991,55.1,59.8,47.3,42.9,55.8,49.6,44.5,51.3
6113.9038,-0.3947,48.3,61.3,51.0,43.6,47.6,60.2,44.6,48.3
6113.9160,-0.4723,46.7,59.1,51.7,45.8,46.2,61.1,47.1,46.1
6113.9282,-0.4938,55.6,57.3,47.9,42.2,54.5,54.3,42.9,45.6
6113.9399,-0.4056,59.7,54.5,45.4,45.1,57.9,51.5,42.9,49.5
6113.9521,0.0707,64.2,52.4,41.5,55.4,60.5,49.5,42.9,61.0
6113.9639,0.1219,60.0,50.8,42.3,59.8,57.1,47.4,47.1,61.5
6113.9761,0.3634,54.9,48.1,43.6,62.1,53.0,42.0,50.3,61.2
6113.9878,0.3706,52.7,49.8,45.3,56.7,58.4,43.7,48.8,58.0
6114.0000,0.1134,51.5,51.9,47.2,50.1,64.4,46.9,48.3,52.5
6114.0122,0.1737,57.7,50.5,44.7,46.0,68.8,48.0,43.7,52.5
6114.0239,0.2851,60.8,49.6,44.6,46.5,67.5,49.2,42.2,52.8
6114.0361,-0.0096,52.5,56.8,49.0,45.8,56.1,58.3,44.6,48.0
6114.0479,-0.1660,48.0,59.2,53.3,47.2,49.5,60.0,50.2,46.0
6114.0601,-0.2197,41.8,60.4,58.6,48.3,43.5,59.2,64.6,47.8
6114.0718,-0.2112,43.9,59.6,58.8,49.1,47.1,59.7,64.0,49.4
6114.0840,-0.1661,49.4,62.9,55.4,46.8,61.1,62.8,57.5,47.4
6114.0962,-0.1584,56.5,63.5,52.1,48.2,66.9,62.6,51.6,46.8
6114.1079,-0.1363,63.1,62.7,50.7,48.8,70.8,62.0,49.1,47.2
6114.1201,-0.1287,61.3,54.7,45.9,53.3,63.9,53.0,50.0,51.9
6114.1318,-0.1999,57.5,49.1,41.9,57.4,55.6,47.2,51.7,57.1
6114.1440,-0.3428,52.5,45.2,50.8,59.7,49.7,42.0,58.0,56.1
6114.1558,-0.3967,48.7,46.2,57.1,58.3,48.5,42.8,59.8,53.4
6114.1680,-0.3185,45.4,48.5,66.3,55.6,44.6,48.3,60.0,51.1
6114.1802,-0.2326,45.0,50.2,65.6,54.5,44.5,52.3,58.7,52.0
6114.1919,0.1381,46.6,47.1,61.3,59.1,46.6,49.6,67.5,58.9
6114.2041,0.2301,50.0,47.0,56.4,57.9,51.0,48.5,64.1,59.8
6114.2158,0.2021,59.1,47.9,49.3,54.4,61.3,47.9,50.9,59.1
6114.2280,0.1643,58.7,47.9,45.2,52.7,60.7,48.6,43.9,59.0
6114.2402,0.0255,55.6,46.4,42.4,54.5,55.9,47.0,39.0,63.7
6114.2520,0.0179,56.9,47.5,40.4,53.5,55.3,48.4,40.1,66.0
6114.2642,0.0719,59.3,47.7,40.5,52.2,56.5,49.1,42.8,65.7
6114.2759,0.1318,57.1,46.7,44.0,58.5,59.8,47.9,44.2,64.6
6114.2881,0.1221,53.6,47.6,46.9,61.9,59.6,48.1,45.7,61.3
6114.2998,-0.0090,50.6,46.0,57.4,62.5,56.5,41.9,52.3,60.5
6114.3120,-0.0479,48.9,46.1,60.0,59.5,54.2,40.4,55.8,58.7
6114.3242,0.0775,48.4,42.7,56.4,60.1,50.5,37.3,62.9,58.8
6114.3359,0.1265,48.3,42.1,56.4,57.3,48.7,39.2,62.4,56.5
6114.3481,0.0342,45.6,37.6,63.2,52.7,43.8,39.8,60.3,51.4
6114.3599,-0.0003,49.9,43.4,60.3,49.1,45.3,50.0,54.9,47.8
6114.3721,-0.0250,57.9,51.8,55.6,45.5,50.0,60.0,51.6,44.1
6114.3838,-0.0278,63.1,53.0,48.6,50.6,55.3,57.6,46.1,51.6
6114.3960,-0.4207,63.8,52.5,44.8,57.0,57.4,53.1,41.7,58.2
6114.4082,-0.3566,54.3,53.2,52.4,55.7,48.8,59.6,43.1,54.4
6114.4199,-0.2106,47.6,54.7,58.7,52.5,44.1,63.9,47.2,49.3
6114.4321,0.0403,46.2,54.3,54.8,43.8,50.9,62.4,46.2,40.4
6114.4438,0.1280,49.7,52.7,53.3,41.6,55.5,57.2,46.6,39.8
6114.4561,-0.0953,49.7,45.7,62.7,44.2,53.0,46.3,57.1,44.2
6114.4678,-0.1645,49.1,49.4,62.0,48.1,51.5,46.0,58.9,48.3
6114.4800,-0.1787,46.5,60.7,58.1,47.5,52.2,53.0,55.9,47.1
6114.4922,-0.1725,48.9,61.4,52.9,51.8,52.9,54.8,54.0,50.5
6114.5039,0.2217,55.0,55.7,47.2,57.5,53.5,50.8,53.8,57.0
6114.5161,0.2445,52.1,58.8,51.2,54.5,52.5,56.0,53.0,54.2
6114.5278,0.1172,46.9,63.8,55.5,51.5,49.2,62.1,51.8,50.2
6114.5400,-0.0077,46.3,62.2,52.4,43.7,54.9,61.7,48.2,43.2
6114.5518,-0.0937,46.4,57.5,50.2,41.4,59.0,57.7,48.8,41.1
6114.5640,-0.3055,47.0,45.0,57.2,48.9,56.1,50.5,60.0,44.8
6114.5762,-0.3634,49.0,41.7,59.0,53.4,54.0,46.7,63.0,48.8
6114.5879,-0.2097,51.0,40.1,58.4,60.1,54.2,42.6,64.6,56.4
6114.6001,-0.1418,48.9,43.8,56.4,57.5,51.9,47.6,61.2,56.1
6114.6118,0.1002,41.9,52.4,57.0,51.7,44.4,61.0,56.5,50.9
6114.6240,0.1221,42.6,57.8,53.2,46.7,47.2,65.7,51.3,48.9
6114.6362,0.0595,45.8,59.4,49.7,41.0,56.0,64.0,49.3,47.5
6114.6479,0.0432,48.2,55.3,46.9,40.6,62.2,55.7,47.4,44.3
6114.6602,-0.3443,49.3,50.9,46.9,41.8,63.1,48.8,45.1,42.6
6114.6719,-0.2713,56.8,48.2,44.4,45.6,62.0,46.0,42.3,50.7
6114.6841,-0.1478,60.7,48.0,44.4,49.1,60.5,45.9,43.4,56.4
6114.6958,0.2019,61.8,47.7,45.5,58.1,57.4,42.7,49.8,64.6
6114.7080,0.3537,58.8,48.2,48.0,61.1,53.5,44.2,53.9,65.3
6114.7202,0.4174,54.7,41.1,57.3,61.0,50.9,44.8,60.6,60.1
6114.7319,0.3711,49.9,41.7,61.5,56.0,49.4,49.0,59.6,53.3
6114.7441,-0.0319,43.6,46.0,64.6,51.1,45.9,58.9,54.9,47.3
6114.7559,-0.0860,47.9,48.5,56.5,49.5,46.1,58.2,47.1,49.0
6114.7681,0.0702,56.7,48.1,45.1,50.0,49.4,51.5,40.3,55.0
6114.7798,0.0872,59.5,48.2,41.8,56.5,51.2,45.8,45.1,57.9
6114.7920,-0.0670,59.7,46.5,43.9,63.2,51.6,42.3,51.0,59.9
6114.8042,-0.1642,59.5,55.6,48.0,56.6,53.0,52.4,51.9,53.6
6114.8159,-0.2020,58.0,61.3,51.0,50.2,52.9,60.2,52.0,49.3
6114.8281,-0.1456,65.0,59.5,50.5,45.5,61.5,59.4,47.8,49.6
6114.8398,-0.0945,63.9,56.4,52.2,44.7,62.5,56.4,48.3,49.0
6114.8521,-0.1002,53.7,48.8,59.4,43.8,52.1,52.4,53.9,46.6
6114.8638,-0.1168,47.6,48.4,59.8,46.5,47.6,54.0,54.4,48.0
6114.8760,-0.0778,41.2,53.3,57.6,48.6,42.2,63.2,53.0,47.3
6114.8882,-0.0582,39.8,57.7,54.9,49.2,43.6,64.6,53.1,45.9
6114.8999,-0.1068,39.2,62.6,52.6,47.9,45.3,63.8,53.3,43.0
6114.9121,-0.1126,39.2,64.0,54.0,48.1,45.2,61.4,54.8,45.6
6114.9238,0.0394,39.0,62.8,56.0,49.0,44.6,59.6,55.9,47.7
6114.9360,0.1177,52.6,58.0,52.8,51.5,58.6,56.7,50.5,50.0
6114.9482,0.1714,61.1,52.4,50.8,52.6,65.4,53.9,49.2,51.9
6114.9600,0.3267,56.1,42.3,56.7,49.8,55.3,48.2,59.9,50.6
6114.9722,0.3440,50.6,41.9,58.4,49.4,46.8,48.3,63.4,50.5
6114.9839,0.0272,43.9,48.3,60.5,48.3,36.5,56.3,66.3,48.1
6114.9961,-0.0584,41.8,52.0,60.3,48.2,37.5,61.0,62.0,47.7
6115.0078,-0.2886,39.8,54.2,63.6,48.9,39.8,68.0,56.4,47.4
6115.0200,-0.2967,43.1,58.2,58.6,48.2,46.1,67.0,51.0,48.4
6115.0322,0.0520,44.6,64.5,52.3,45.5,49.4,66.3,48.5,48.6
6115.0439,0.0741,44.8,55.8,50.2,51.2,47.3,56.2,56.2,49.2
6115.0562,0.0468,45.5,46.4,49.6,56.6,47.1,46.0,62.5,49.3
6115.0679,0.0159,51.6,43.2,45.8,60.3,51.7,41.2,55.3,53.5
6115.0801,-0.0069,55.9,44.2,42.7,61.1,54.8,40.5,49.8,56.7
6115.0918,-0.0798,60.9,50.8,42.6,52.0,65.2,43.8,44.4,51.6
6115.1040,-0.1057,60.3,53.6,46.5,46.5,65.1,50.1,44.5,50.1
6115.1162,-0.0823,52.2,54.7,56.4,43.9,49.7,64.1,51.2,48.5
6115.1279,-0.0594,48.4,52.7,60.2,45.2,43.2,65.8,55.9,48.8
6115.1401,-0.1184,47.3,47.1,65.2,47.0,40.0,62.1,64.1,49.7
6115.1519,-0.1345,50.8,46.2,58.4,49.8,45.1,55.4,57.3,53.5
6115.1641,0.1020,55.4,45.8,47.5,54.0,50.8,49.1,45.3,58.8
6115.1758,0.1217,58.1,50.4,44.2,50.4,57.0,46.9,41.1,56.7
6115.1880,0.3593,59.1,55.9,44.5,45.7,62.6,47.1,39.3,53.8
6115.2002,0.1199,52.9,52.9,54.4,44.7,53.8,49.5,47.9,49.2
6115.2119,-0.0803,50.2,50.3,59.8,47.2,48.5,51.5,53.8,47.0
6115.2241,-0.2296,49.0,59.5,58.5,46.2,49.0,60.8,53.5,43.7
6115.2358,-0.2263,49.2,60.6,56.4,48.9,52.4,61.1,55.1,44.9
6115.2480,0.1295,50.2,54.1,55.2,57.1,54.1,49.6,62.5,51.4
6115.2598,0.2023,51.5,49.7,51.2,60.5,54.1,44.9,62.7,55.4
6115.2720,0.0586,56.2,47.5,41.3,63.3,56.1,44.8,49.2,61.3
6115.2842,0.0176,54.2,46.9,41.9,63.5,51.9,47.9,49.0,61.3
6115.2959,-0.5979,51.5,46.0,42.1,64.9,48.6,46.8,53.5,60.1
6115.3081,-0.6155,48.3,55.1,43.2,57.0,48.8,54.9,53.6,53.4
6115.3198,-0.4365,45.9,62.4,45.5,48.4,50.2,61.6,52.7,47.9
6115.3320,-0.3129,52.1,64.2,47.5,42.3,62.4,59.8,50.5,45.5
6115.3442,-0.2429,56.6,62.1,49.3,41.1,68.6,56.7,49.9,46.3
6115.3560,-0.0170,61.8,57.0,47.6,45.7,69.4,53.5,44.4,59.0
6115.3682,0.0812,61.7,52.3,47.5,49.6,63.8,51.0,43.7,64.1
6115.3799,-0.0906,64.4,48.9,41.8,52.9,63.4,46.8,38.4,68.2
6115.3921,-0.1523,60.0,49.1,41.6,55.9,57.2,47.3,39.7,66.0
6115.4038,0.0864,57.3,49.1,40.9,62.3,51.9,45.7,40.3,66.9
6115.4160,0.1210,52.8,49.1,42.5,62.7,49.1,44.8,47.2,59.8
6115.4282,0.3976,50.5,47.8,44.2,62.4,48.4,41.3,54.8,55.7
6115.4399,0.3909,52.0,48.2,43.8,63.2,49.4,42.0,52.9,56.1
6115.4521,0.4556,55.0,48.5,42.6,64.0,51.3,43.3,48.6,58.3
6115.4639,0.5530,50.0,50.2,52.1,58.1,48.0,54.4,48.9,53.3
6115.4761,0.6042,47.2,50.7,56.7,52.1,46.1,59.8,50.1,49.1
6115.4878,0.2611,44.6,43.4,53.8,49.2,44.5,50.0,58.7,45.6
6115.5000,0.0678,46.8,42.3,51.3,48.3,47.0,46.0,60.4,46.6
6115.5122,-0.1080,59.2,43.8,44.6,51.4,58.0,44.7,51.3,55.8
6115.5239,-0.0982,61.0,48.3,46.6,51.8,57.2,48.8,48.6,55.3
6115.5361,-0.2899,53.7,54.1,56.4,50.0,44.4,60.1,53.7,51.3
6115.5479,-0.3133,50.3,53.7,56.1,53.9,43.1,58.4,54.0,51.4
6115.5601,-0.2758,50.1,50.6,50.8,59.7,45.4,50.6,53.3,52.8
6115.5718,-0.2648,50.3,48.4,46.0,61.5,48.3,43.1,56.4,55.0
6115.5840,-0.2003,48.8,47.9,44.4,60.1,50.2,39.2,59.7,55.5
6115.5962,-0.0280,48.1,45.9,48.2,59.6,49.8,35.6,61.6,55.6
6115.6079,0.0503,50.0,46.0,51.5,59.0,50.8,37.7,60.0,56.7
6115.6201,0.2921,55.2,47.0,47.0,58.8,51.4,39.3,55.4,60.8
6115.6318,0.3560,57.0,47.2,47.1,58.5,52.7,43.3,54.3,60.0
6115.6440,0.2048,55.4,41.2,57.2,60.4,51.5,41.1,58.6,57.1
6115.6558,0.1285,54.2,44.0,59.5,56.0,50.6,47.6,58.6,52.1
6115.6680,0.0061,54.5,54.3,57.2,46.8,53.3,58.6,55.3,42.4
6115.6802,-0.0030,51.9,53.6,57.2,44.5,52.7,61.1,56.0,43.4
6115.6919,0.0689,45.8,48.6,59.1,44.4,47.4,59.3,59.9,44.3
6115.7041,0.0686,41.6,52.2,57.8,46.2,43.1,61.4,59.2,45.3
6115.7158,-0.7418,39.4,56.8,56.7,47.1,41.6,64.6,56.1,45.7
6115.7280,-0.8136,40.8,48.0,59.9,48.9,42.3,56.5,64.1,48.9
6115.7402,-0.7035,45.9,42.8,60.4,49.0,46.6,49.4,66.4,51.5
6115.7520,-0.2131,49.9,40.4,63.9,54.1,49.3,39.9,66.7,58.3
6115.7642,-0.0016,51.8,43.0,59.9,56.6,49.8,40.3,61.0,60.5
6115.7759,0.2881,59.7,45.4,49.4,63.6,52.4,41.8,53.9,66.4
6115.7881,0.2980,59.2,45.9,46.3,61.9,53.3,41.6,52.2,62.8
6115.7998,0.3953,51.1,40.8,47.5,59.9,48.4,35.9,55.3,57.8
6115.8120,0.3615,48.3,40.2,52.5,56.0,46.0,40.6,56.6,54.5
6115.8242,0.1246,46.3,39.2,59.6,52.9,42.4,47.6,58.5,51.0
6115.8359,0.1044,42.7,45.5,57.7,50.1,40.7,59.4,55.0,48.0
6115.8481,-0.4939,40.4,51.7,55.7,46.9,41.4,68.2,52.7,45.2
6115.8599,-0.6620,42.1,58.8,52.4,43.6,48.8,68.7,52.9,39.3
6115.8721,-0.6832,45.6,60.6,50.8,43.0,53.9,64.7,53.0,37.5
6115.8838,-0.7125,45.9,53.9,58.5,45.2,49.2,57.9,62.9,42.1
6115.8960,-0.6562,47.1,50.8,60.4,48.6,46.5,53.3,64.8,46.8
6115.9082,-0.4210,46.0,54.3,64.1,49.3,40.3,58.6,64.2,47.5
6115.9199,-0.3447,47.3,56.8,62.8,48.1,42.4,59.0,59.7,46.0
6115.9321,-0.1713,47.3,62.4,57.1,45.0,46.3,60.8,54.3,39.7
6115.9438,-0.1415,47.2,64.8,52.3,45.5,49.0,60.7,49.9,38.7
6115.9561,-0.0739,44.1,66.9,51.4,46.2,50.6,61.3,48.9,36.5
6115.9678,-0.0732,50.7,63.4,51.2,45.4,57.4,56.2,47.9,39.4
6115.9800,0.1388,57.8,60.2,51.5,44.0,62.7,52.2,46.9,44.0
6115.9922,-0.0418,57.3,47.9,56.0,49.8,58.2,46.3,55.2,48.7
6116.0039,-0.2101,54.3,42.4,57.9,53.7,54.5,45.3,60.1,50.9
6116.0161,-0.1569,58.3,44.2,47.2,59.8,55.3,44.8,51.5,59.3
6116.0278,-0.1128,59.7,47.1,44.1,60.5,55.2,46.9,48.2,61.2
6116.0400,-0.1838,60.0,48.1,41.4,62.5,53.0,46.0,48.4,62.2
6116.0518,-0.1844,54.3,51.2,43.6,59.4,50.4,49.6,51.7,56.9
6116.0640,0.0938,45.4,60.3,46.5,52.1,46.7,56.7,51.9,47.0
6116.0762,0.1434,44.3,58.0,53.0,48.8,46.0,58.5,55.9,46.0
6116.0879,-0.0151,45.1,51.8,60.3,48.2,46.4,58.6,62.5,47.0
6116.1001,-0.0327,44.9,54.6,59.7,47.4,46.2,61.2,59.6,46.8
6116.1118,-0.4760,45.0,58.2,57.3,46.0,45.6,63.5,54.5,45.8
6116.1240,-0.3065,55.6,58.9,52.2,44.9,54.8,59.3,47.7,48.3
6116.1362,-0.1352,60.9,57.7,47.8,46.1,60.4,53.9,44.0,51.3
6116.1479,-0.1814,58.3,60.1,45.1,41.0,62.4,56.0,43.3,50.4
6116.1602,-0.2454,55.5,58.8,46.9,41.3,61.0,56.7,45.4,50.9
6116.1719,-0.1456,60.0,57.1,46.7,42.0,65.7,53.7,43.9,50.8
6116.1841,-0.1108,60.3,53.8,47.0,47.8,61.8,51.7,45.1,52.6
6116.1958,-0.1201,60.9,50.2,43.3,60.9,56.1,47.6,46.5,60.2
6116.2080,-0.0981,57.4,50.7,44.0,57.7,56.5,47.2,46.7,55.9
6116.2202,0.0568,53.9,54.5,44.6,47.0,62.0,48.6,43.1,47.7
6116.2319,0.0683,51.7,50.9,47.7,49.4,58.9,46.9,51.8,46.4
6116.2441,0.0352,50.0,47.1,51.1,54.0,53.4,45.4,60.0,46.5
6116.2559,0.0933,48.1,44.8,59.4,52.4,48.9,44.9,66.8,46.4
6116.2681,0.1382,48.7,46.6,61.9,50.6,48.2,47.5,65.2,47.8
6116.2798,-0.0505,43.4,56.2,62.1,49.2,43.4,62.4,57.8,47.7
6116.2920,-0.1399,43.7,61.0,58.7,49.8,43.5,67.3,50.7,48.3
6116.3042,-0.0534,41.6,69.1,54.2,46.8,43.1,73.3,46.8,44.0
6116.3159,-0.0001,45.8,66.6,48.7,50.4,47.2,66.8,44.6,47.0
6116.3281,0.0750,54.0,58.3,42.1,59.7,54.0,55.1,40.1,55.7
6116.3398,0.0573,55.5,53.1,44.3,63.0,55.5,47.8,43.9,59.9
6116.3521,-0.0485,54.7,49.6,48.1,66.8,53.6,42.4,48.7,64.5
6116.3638,-0.0610,58.8,50.2,50.2,60.7,58.6,44.0,48.4,61.1
6116.3760,0.2042,61.8,51.1,51.2,54.1,63.6,48.5,46.0,56.0
6116.3882,0.2321,61.3,50.4,50.7,58.1,60.8,48.3,47.1,57.1
6116.3999,0.2001,58.6,49.4,50.1,60.3,56.8,48.6,48.7,56.3
6116.4121,0.1720,57.8,46.5,48.2,63.8,52.3,44.3,50.2,59.4
6116.4238,0.1481,53.8,47.7,48.6,62.0,49.2,47.3,52.0,58.4
6116.4360,-0.1910,47.8,55.6,54.8,54.2,45.8,58.7,52.8,50.3
6116.4482,-0.2556,45.8,58.3,56.5,47.9,48.0,60.8,54.5,45.9
6116.4600,-0.1507,44.7,62.1,53.1,41.6,52.1,60.7,52.6,43.6
6116.4722,-0.1254,50.7,58.6,50.7,40.4,57.3,57.8,49.0,48.1
6116.4839,0.2952,59.8,54.1,47.5,41.2,65.3,54.1,43.1,53.3
6116.4961,0.3129,55.2,51.5,49.5,45.0,58.8,60.0,43.8,54.5
6116.5078,0.2359,48.1,50.7,52.7,47.9,50.0,64.7,48.3,52.8
6116.5200,0.2523,47.3,51.5,50.9,47.0,56.4,57.7,48.0,47.8
6116.5322,0.2175,47.8,51.8,48.6,47.7,59.5,52.5,48.2,45.5
6116.5439,-0.0169,42.7,57.5,53.1,48.5,51.0,63.0,50.0,46.3
6116.5562,-0.1520,42.8,58.6,54.8,50.0,46.9,65.1,50.7,47.4
6116.5679,-0.2070,48.3,54.2,50.2,61.5,46.7,56.2,46.0,52.7
6116.5801,-0.2090,52.6,50.7,47.8,64.8,46.9,50.3,45.6,55.5
6116.5918,-0.3452,57.5,48.3,42.8,69.2,47.6,45.8,45.4,62.0
6116.6040,-0.3513,59.6,47.6,41.9,63.2,52.5,45.6,45.6,59.0
6116.6162,0.0621,64.5,47.5,43.0,52.8,61.2,47.4,43.4,54.0
6116.6279,0.0945,64.1,47.4,41.5,48.6,61.7,46.7,42.5,55.5
6116.6401,0.0849,62.4,46.9,39.5,48.6,58.4,45.7,40.9,59.7
6116.6519,-0.1082,54.5,45.4,48.8,49.1,50.7,46.2,53.8,57.3
6116.6641,-0.2913,50.2,45.6,55.9,49.6,46.0,47.1,61.6,53.9
6116.6758,-0.2467,49.2,55.8,55.8,43.9,38.5,54.2,57.9,47.3
6116.6880,-0.1238,50.5,61.2,53.2,44.6,40.3,57.4,52.6,43.8
6116.7002,-0.0299,59.9,61.4,49.0,46.2,51.9,59.3,48.6,38.3
6116.7119,-0.0079,61.0,57.5,46.9,49.9,57.7,56.1,47.7,42.0
6116.7241,0.0999,59.9,51.4,41.4,58.1,60.2,52.0,42.5,51.3
6116.7358,0.1145,58.7,48.5,43.0,61.2,58.4,47.8,44.4,58.5
6116.7480,0.2157,56.4,47.5,44.2,64.5,54.1,43.6,48.8,65.0
6116.7598,0.2062,54.2,46.8,49.4,64.3,51.4,40.0,54.3,64.1
6116.7720,-0.2118,51.3,46.7,52.6,63.2,50.6,39.8,57.9,59.9
6116.7842,-0.4504,48.7,45.5,60.0,58.1,48.7,44.0,66.9,55.6
6116.7959,-0.5609,49.1,45.8,62.8,52.9,51.0,47.3,68.4,54.0
6116.8081,-0.4031,48.4,42.8,70.1,51.2,51.2,47.2,67.8,52.1
6116.8198,-0.3118,47.5,43.6,67.7,51.1,51.7,48.9,63.9,51.4
6116.8320,-0.0973,47.8,51.0,57.3,47.2,57.9,55.7,54.2,48.1
6116.8442,-0.0459,48.5,51.2,54.5,46.0,56.2,56.0,52.4,48.0
6116.8550,-0.1457,47.2,45.5,59.5,47.3,48.8,50.7,58.9,49.1
6116.8652,-0.1725,47.4,47.6,58.4,47.7,49.0,48.9,58.9,49.6
6116.8770,-0.3305,48.9,58.4,52.4,44.1,59.2,50.7,54.5,48.9
6116.8892,-0.3403,52.4,59.7,48.0,44.8,61.7,51.5,48.0,52.1
6116.9009,-0.1253,59.3,55.1,45.2,43.7,63.8,51.3,39.5,57.9
6116.9131,-0.1057,55.3,52.8,47.5,44.2,60.0,52.2,40.8,52.8
6116.9248,-0.1153,48.6,54.1,50.3,43.7,55.7,53.3,43.5,45.3
6116.9370,-0.1177,52.2,56.0,49.0,44.7,58.0,50.7,42.5,47.1
6116.9492,-0.1419,55.9,57.5,47.1,45.4,60.5,49.2,40.3,50.9
6116.9609,-0.0906,60.0,54.4,43.9,53.5,58.0,46.9,36.8,62.1
6116.9731,-0.0557,59.2,51.1,44.7,56.8,55.3,46.5,40.3,63.8
6116.9849,0.0360,52.2,45.8,52.3,54.3,47.3,50.5,53.1,56.9
6116.9971,0.0507,50.6,45.8,54.2,52.0,46.6,53.0,54.8,53.9
6117.0088,-0.1014,55.4,47.3,48.3,51.5,52.0,51.0,44.8,58.2
6117.0210,-0.1224,56.5,48.9,44.1,55.1,53.2,49.3,41.2,61.1
6117.0332,-0.1688,59.0,46.3,40.2,63.6,52.4,45.6,42.0,67.8
6117.0449,-0.1654,56.8,51.9,41.7,58.1,52.4,49.7,45.5,59.4
6117.0571,0.0717,53.3,58.5,46.0,48.9,52.4,55.5,48.1,47.9
6117.0688,0.0758,46.3,61.7,49.3,45.2,48.7,65.4,51.3,43.2
6117.0811,0.2493,43.8,61.6,52.1,43.8,47.2,70.9,53.1,41.9
6117.0928,0.1016,54.6,56.7,48.5,52.8,54.1,62.1,50.0,51.0
6117.1050,-0.0471,59.0,53.4,47.2,56.7,58.4,55.0,49.0,55.1
6117.1172,-0.1308,53.3,61.7,47.7,52.1,53.0,63.3,48.7,48.2
6117.1289,-0.1188,49.7,65.1,49.1,50.5,50.2,65.8,48.2,46.8
6117.1411,-0.1739,46.0,70.0,49.5,45.1,51.8,67.8,49.1,44.6
6117.1528,-0.1810,48.9,65.8,49.8,45.2,54.8,62.5,50.0,46.3
6117.1650,-0.0058,57.1,62.5,49.5,41.9,60.5,56.7,47.5,46.6
6117.1768,0.0174,57.4,54.5,51.9,46.4,60.1,50.7,48.6,52.1
6117.1890,0.1661,55.4,45.7,53.8,52.1,59.0,46.0,51.4,58.7
6117.2012,0.1707,47.9,45.9,55.1,52.5,51.5,54.8,52.9,54.9
6117.2129,0.2960,44.2,48.7,54.9,51.2,46.4,61.2,52.4,51.5
6117.2251,0.1738,43.8,56.3,50.9,45.0,51.4,66.6,51.6,46.6
6117.2368,0.0939,46.2,58.6,47.6,43.5,54.9,64.4,52.7,45.9
6117.2490,0.1776,47.8,60.6,45.6,41.0,60.9,62.6,49.8,45.6
6117.2612,0.2128,50.0,59.2,46.3,44.2,59.6,58.6,48.6,48.4
6117.2729,0.3359,54.3,55.0,45.4,54.0,54.6,51.7,47.9,59.2
6117.2852,0.3243,56.7,54.0,46.2,55.3,53.6,50.5,46.6,59.9
6117.2969,-0.0070,60.5,55.3,45.9,51.4,58.2,49.6,44.1,55.3
6117.3091,-0.0505,55.6,53.8,51.8,49.4,53.2,49.3,50.5,50.6
6117.3208,-0.1884,50.0,51.3,59.0,47.8,46.8,50.8,58.1,47.9
6117.3330,-0.1848,54.0,48.9,55.2,45.5,54.6,50.7,50.5,49.4
6117.3452,-0.1425,57.6,48.2,49.1,45.9,61.7,50.4,43.3,52.4
6117.3569,-0.2124,55.6,53.4,45.8,40.1,60.6,55.1,40.7,50.6
6117.3691,-0.2369,53.6,54.8,45.8,39.7,58.6,55.0,42.5,51.0
6117.3809,-0.3318,59.7,53.3,43.1,46.8,65.2,52.8,41.4,60.6
6117.3931,-0.3426,58.1,53.6,44.5,52.5,61.0,54.5,43.9,61.5
6117.4048,-0.2014,48.3,59.0,50.1,51.6,48.4,66.1,47.2,52.7
6117.4170,-0.1506,45.2,58.2,51.1,54.0,47.3,64.0,49.2,50.8
6117.4292,0.7163,46.7,52.8,48.5,61.4,54.7,55.2,47.4,56.8
6117.4409,0.7784,48.2,50.7,51.3,58.0,52.4,54.2,51.4,55.3
6117.4531,0.3016,48.1,50.6,54.9,53.4,45.7,57.4,56.0,52.3
6117.4648,0.2742,45.3,59.5,55.0,50.0,44.3,64.3,54.7,45.6
6117.4771,0.6311,43.9,65.3,54.1,48.7,46.5,66.8,53.1,41.7
6117.4888,0.3616,46.2,66.9,52.6,44.2,51.6,64.4,50.4,40.6
6117.5010,0.0761,49.4,64.5,52.5,44.8,53.5,60.2,50.2,43.2
6117.5132,-0.2852,50.9,70.0,51.8,42.7,54.3,64.9,49.0,43.9
6117.5249,-0.3695,51.3,68.3,51.2,44.3,55.0,64.5,48.0,46.7
6117.5371,-0.1661,53.6,68.6,50.0,43.4,62.3,59.8,45.3,48.1
6117.5488,-0.1010,54.1,63.0,48.6,47.0,63.7,56.1,43.6,52.7
6117.5610,0.0351,55.8,55.4,45.7,50.5,64.1,52.8,37.4,61.7
6117.5732,0.0372,52.1,50.3,52.2,52.9,55.1,53.4,44.6,61.1
6117.5850,-0.0306,46.7,47.6,61.0,52.7,45.9,55.8,55.5,55.7
6117.5972,-0.0303,48.9,46.9,54.3,55.3,52.5,53.5,53.5,58.3
6117.6089,0.0137,51.8,48.3,45.9,57.0,59.8,51.3,48.8,62.3
6117.6211,0.1014,50.5,46.6,52.5,54.2,55.0,47.9,57.2,58.4
6117.6328,0.1985,47.1,46.6,56.8,53.5,48.5,48.5,60.4,54.9
6117.6450,0.0176,45.5,40.9,56.6,57.7,44.5,44.9,65.0,57.6
6117.6572,-0.0917,47.6,42.3,53.7,55.7,47.5,44.7,62.0,55.6
6117.6689,-0.1136,54.6,48.0,47.9,49.9,56.8,44.7,51.0,52.4
6117.6812,-0.0931,55.1,48.2,51.1,49.2,56.3,45.4,52.1,51.4
6117.6929,-0.6642,52.9,46.3,59.0,48.9,50.8,48.7,59.5,50.4
6117.7051,-0.6841,50.0,48.8,63.6,47.6,47.6,57.6,58.1,48.2
6117.7168,-0.6532,46.1,50.9,66.4,48.1,44.2,65.6,54.8,45.8
6117.7290,-0.6439,46.2,49.0,57.5,52.4,46.3,57.2,52.7,48.8
6117.7412,0.2105,46.7,47.5,50.4,55.0,47.6,49.0,51.1,51.3
6117.7529,0.2456,47.2,56.9,47.4,47.7,48.8,52.0,46.9,48.4
6117.7651,0.1373,50.2,60.6,47.6,43.4,51.3,54.3,45.0,47.2
6117.7769,-0.0721,61.3,56.9,43.7,44.2,59.2,50.6,41.5,54.8
6117.7891,-0.1476,62.6,52.5,45.1,47.8,59.3,48.3,43.9,56.2
6117.8008,-0.3415,57.5,42.7,54.1,54.1,54.5,44.5,56.0,53.8
6117.8130,-0.3567,55.0,42.1,56.2,57.1,53.9,44.1,56.6,53.1
6117.8252,-0.3172,56.4,45.6,51.1,61.3,56.4,45.3,46.8,57.5
6117.8369,-0.3194,53.0,46.5,50.3,62.2,52.1,45.2,50.3,58.3
6117.8491,0.6236,50.6,46.6,50.6,62.5,48.8,42.2,58.0,59.1
6117.8608,0.6423,46.5,44.1,57.2,59.4,44.9,42.3,63.8,53.5
6117.8730,0.7020,45.0,42.0,61.9,56.0,46.3,43.0,66.1,48.9
6117.8848,0.2885,45.0,43.2,67.4,52.0,44.7,49.9,69.0,46.4
6117.8970,-0.0038,48.3,45.5,66.4,49.9,46.0,54.0,64.6,47.7
6117.9092,-0.3483,49.7,42.6,65.6,49.9,46.6,52.2,62.1,48.1
6117.9209,-0.3905,51.1,44.4,59.5,52.5,49.0,51.3,59.0,50.1
6117.9331,0.1088,54.3,46.2,48.9,58.7,49.9,49.0,54.6,56.6
6117.9448,0.2052,52.9,47.6,45.1,60.5,50.1,49.1,53.7,59.1
6117.9570,0.1527,51.3,46.4,43.6,61.5,49.8,46.8,55.5,62.2
6117.9692,0.1242,48.7,46.1,45.1,60.4,50.6,44.8,58.9,60.6
6117.9810,-0.0871,48.0,44.3,47.2,60.4,52.5,41.8,61.4,58.2
6117.9932,-0.0900,49.1,40.3,56.3,56.1,50.0,42.0,61.9,54.8
6118.0049,0.4151,50.4,40.0,60.6,53.1,46.9,44.7,59.4,54.0
6118.0171,0.5262,45.7,53.3,56.7,48.9,46.1,60.2,54.1,47.8
6118.0288,0.4960,44.2,59.1,53.0,47.2,48.5,64.1,53.0,44.9
6118.0410,0.1111,46.2,61.6,50.4,40.6,58.6,59.0,47.9,42.8
6118.0532,-0.0014,51.0,57.4,48.7,42.6,61.3,53.8,44.9,47.3
6118.0649,0.2855,58.1,52.2,41.1,51.7,62.9,47.2,42.5,57.7
6118.0762,0.3259,58.7,48.1,42.2,55.4,59.1,44.2,47.8,60.0
6118.0889,0.2394,54.2,43.6,46.5,58.4,51.9,37.5,59.9,59.5
6118.1011,0.2098,50.8,44.4,54.4,55.0,49.2,40.7,61.5,55.9
6118.1128,-0.1027,48.8,43.5,63.2,50.8,47.7,43.5,62.7,52.3
6118.1250,-0.1096,51.7,44.3,59.0,57.6,47.4,43.7,55.9,53.7
6118.1372,-0.0396,53.9,47.1,53.7,61.8,46.9,44.8,49.7,55.0
6118.1489,-0.0631,51.1,44.4,55.3,62.6,45.7,40.9,52.8,56.3
6118.1611,-0.0536,50.4,44.0,55.8,59.1,47.8,41.4,55.3,54.5
6118.1729,-0.2495,58.2,45.7,50.5,50.2,59.7,43.9,47.5,54.4
6118.1851,-0.3065,60.9,47.9,47.7,47.1,62.4,47.8,44.9,55.2
6118.1968,-0.1405,64.5,49.9,42.7,50.8,67.2,50.5,42.2,61.7
6118.2090,-0.1004,60.5,50.8,43.5,54.4,61.1,49.6,48.8,61.7
6118.2212,0.2261,55.6,48.3,47.1,58.5,54.5,42.0,61.8,62.0
6118.2329,0.2532,54.4,49.6,46.7,60.9,54.8,43.1,57.5,60.8
6118.2451,0.2385,56.5,50.5,43.7,64.3,59.4,46.4,47.8,60.9
6118.2568,0.2301,59.2,50.7,45.3,66.1,57.3,47.1,46.9,61.2
6118.2690,0.0493,59.6,50.8,48.3,65.7,55.2,47.7,50.4,60.8
6118.2798,0.0127,48.9,54.9,52.2,57.1,46.8,53.3,50.0,52.2
6118.2900,-0.0058,43.7,57.3,53.6,52.2,43.3,57.1,49.1,48.3
6118.3018,-0.2035,50.1,56.8,48.1,54.3,51.0,56.5,44.2,55.5
6118.3140,-0.3525,55.1,55.2,44.8,56.6,57.9,54.9,43.6,61.3
6118.3262,-0.2880,57.1,60.6,46.7,52.7,68.6,60.4,45.0,56.5
6118.3379,-0.1786,56.7,59.6,49.6,50.2,68.6,59.3,49.1,53.4
6118.3501,-0.2160,54.3,48.7,53.2,53.1,61.5,49.4,61.8,52.1
6118.3618,-0.2331,50.7,45.9,53.8,52.6,54.6,48.0,64.5,50.5
6118.3740,-0.1634,46.9,53.3,51.9,46.4,47.2,56.3,59.9,45.5
6118.3862,-0.1174,45.2,52.8,52.1,45.5,43.9,56.6,57.6,46.1
6118.3979,-0.1726,43.1,47.4,55.7,45.5,40.3,54.0,59.9,46.2
6118.4102,-0.1782,44.2,45.6,58.3,47.9,38.4,57.6,60.5,49.7
6118.4219,-0.1637,44.3,46.5,60.6,49.5,37.5,61.7,61.4,50.1
6118.4341,-0.2946,40.8,55.7,60.0,50.5,36.8,63.2,56.7,47.5
6118.4458,-0.4093,40.3,61.2,58.3,49.4,39.6,61.1,53.0,45.4
6118.4580,-0.4479,38.4,64.5,53.9,45.2,41.9,59.4,47.1,39.3
6118.4702,-0.4177,41.7,61.6,52.3,43.7,47.0,57.4,46.3,39.3
6118.4819,-0.0897,47.0,60.7,49.5,41.8,56.9,59.0,44.2,41.0
6118.4941,0.0120,48.1,57.0,49.2,43.0,56.7,59.6,45.4,44.2
6118.5059,-0.0764,43.0,55.2,48.5,43.7,46.2,66.7,45.9,44.2
6118.5181,-0.1060,43.8,56.8,50.2,44.9,43.9,68.2,48.6,45.0
6118.5298,0.1694,45.7,62.7,50.1,46.6,44.1,71.5,49.8,44.2
6118.5420,0.1836,47.2,64.4,49.7,47.7,46.7,68.7,50.0,44.1
6118.5542,0.4535,47.7,63.0,50.5,47.7,49.9,64.0,51.6,44.1
6118.5659,0.1783,52.3,57.6,49.5,43.6,61.3,54.3,49.3,44.4
6118.5781,-0.0587,54.3,54.1,51.3,42.0,64.8,49.5,48.3,45.5
6118.5898,-0.1298,47.7,58.3,50.5,40.3,54.3,58.8,47.5,41.3
6118.6021,-0.1129,46.5,58.8,50.4,43.1,48.0,60.8,49.2,42.8
6118.6138,0.4052,48.9,53.1,48.1,50.5,47.4,48.9,58.8,50.9
6118.6260,0.5151,50.8,49.7,51.4,56.4,48.1,46.1,62.3,54.4
6118.6382,0.2337,51.6,47.2,61.3,60.6,48.2,46.0,66.7,53.6
6118.6499,0.1613,50.8,48.4,64.5,59.2,48.7,49.0,67.7,52.5
6118.6621,0.0107,49.6,47.9,66.0,54.5,48.4,52.4,68.8,51.0
6118.6738,-0.0043,46.2,53.5,63.3,50.7,47.3,62.7,61.4,49.2
6118.6860,0.0093,42.8,58.8,59.0,50.4,46.6,70.4,54.8,49.3
6118.6982,-0.1076,43.7,60.5,51.7,46.4,54.9,66.5,48.8,45.4
6118.7100,-0.2414,47.1,59.3,47.9,44.1,59.1,61.5,48.0,45.0
6118.7222,-0.3828,43.2,61.9,53.5,45.2,53.2,68.2,50.3,45.1
6118.7339,-0.4255,43.0,61.0,55.4,46.9,50.3,67.8,51.6,47.2
6118.7461,-0.2199,47.2,61.7,52.7,41.2,57.2,66.7,48.6,43.7
6118.7578,-0.1652,49.7,56.0,52.8,43.4,58.7,59.5,50.4,44.1
6118.7700,0.1290,49.7,44.5,59.5,50.0,54.0,46.9,59.5,47.5
6118.7822,0.1545,47.5,42.7,60.3,51.9,47.6,47.0,60.6,49.7
6118.7939,-0.0765,43.9,45.4,60.8,50.2,39.7,53.9,60.6,48.9
6118.8062,-0.0950,42.0,52.2,54.0,46.0,38.8,61.7,54.8,44.8
6118.8179,-0.1398,41.9,57.6,48.5,43.1,41.3,66.0,50.2,40.9
6118.8301,0.0937,44.4,64.4,49.4,44.2,41.7,68.9,49.0,40.0
6118.8418,0.2621,47.1,64.6,50.4,47.9,42.7,66.2,48.9,42.9
6118.8540,0.0533,47.9,63.8,51.0,47.9,46.8,62.5,48.8,43.2
6118.8662,-0.0665,50.9,59.3,51.4,48.7,51.6,58.0,49.0,46.6
6118.8779,-0.2128,60.7,54.8,48.7,50.8,59.6,53.0,40.9,58.6
6118.8901,-0.2549,61.6,52.0,47.7,53.9,58.8,50.9,41.5,61.2
6118.9019,0.3195,59.8,48.3,45.7,60.7,54.5,45.8,44.3,62.9
6118.9141,0.3819,58.2,47.4,44.2,61.7,52.5,43.3,45.7,60.2
6118.9258,0.2064,58.9,47.2,41.3,61.4,51.5,41.2,44.7,57.8
6118.9380,0.1858,56.2,52.8,44.6,53.7,57.1,46.9,43.8,50.2
6118.9502,0.1343,54.3,58.8,47.9,46.8,64.0,53.9,42.4,44.5
6118.9619,-0.0344,62.9,58.0,48.1,44.4,65.1,54.6,39.6,48.9
6118.9741,-0.1655,67.0,55.2,48.6,45.9,63.5,52.1,41.1,53.1
6118.9858,-0.1030,65.3,61.2,47.8,43.9,68.0,55.7,42.0,50.7
6118.9980,-0.0765,60.2,61.7,48.6,44.0,65.6,55.9,46.1,48.5
6119.0098,0.1446,58.7,58.9,45.9,40.4,64.2,50.9,43.9,43.1
6119.0220,0.1926,54.0,56.5,47.6,44.6,56.7,51.8,46.1,45.2
6119.0342,0.1326,45.9,54.1,54.9,47.9,46.4,59.3,50.5,46.2
6119.0459,0.1002,46.0,51.2,57.2,52.7,47.0,56.2,57.1,50.5
6119.0581,0.2288,48.5,47.9,56.4,58.9,48.5,48.5,65.1,57.1
6119.0698,0.2342,50.9,44.7,59.8,60.1,49.9,44.2,67.9,58.1
6119.0820,0.4484,51.2,42.0,62.8,60.5,50.0,42.9,68.0,57.0
6119.0942,0.5056,43.5,48.3,61.2,55.7,44.0,55.7,61.0,51.8
6119.1060,0.4916,39.9,53.5,59.0,51.4,40.4,64.0,56.0,49.0
6119.1182,0.4162,48.2,51.4,47.8,50.1,46.6,59.1,47.1,58.8
6119.1299,0.3214,53.9,49.1,44.4,49.4,51.3,52.7,45.9,60.8
6119.1421,-0.0206,53.5,42.5,53.8,53.4,52.9,43.9,58.0,59.4
6119.1538,-0.1126,51.9,42.0,58.6,56.4,52.6,43.2,62.6,56.8
6119.1660,-0.1993,50.1,40.4,64.2,59.8,48.5,43.6,67.8,54.0
6119.1782,-0.2006,48.1,45.2,63.2,57.3,44.1,49.1,64.2,51.9
6119.1899,-0.5293,44.4,51.7,63.5,52.1,37.7,55.0,62.0,48.8
6119.2021,-0.5166,47.2,51.6,53.3,53.4,45.6,52.3,54.0,51.5
6119.2139,-0.2795,51.4,49.2,44.1,55.3,54.4,49.0,45.4,55.9
6119.2261,-0.2468,55.7,46.3,40.2,60.0,54.0,44.4,41.4,61.0
6119.2378,-0.2590,56.6,45.7,41.0,61.6,52.6,42.9,43.5,61.7
6119.2500,-0.2981,55.2,43.4,45.0,64.7,51.7,39.6,56.6,61.4
6119.2622,-0.3030,52.8,44.8,49.3,62.1,49.2,41.7,61.1,58.0
6119.2739,-0.2590,44.5,52.1,52.3,53.0,42.5,51.4,58.9,50.4
6119.2861,-0.2320,44.7,56.3,51.9,48.3,43.1,57.7,54.4,45.4
6119.2979,-0.3150,52.0,57.7,49.6,44.5,47.8,62.7,49.6,39.3
6119.3101,-0.3194,54.0,53.8,45.8,46.8,52.2,57.5,45.2,44.9
6119.3218,0.2292,53.6,48.6,39.4,52.1,53.5,50.3,40.4,55.0
6119.3340,0.2664,55.5,45.8,38.6,56.5,52.9,45.1,40.5,59.1
6119.3462,0.1888,55.9,45.9,40.0,60.2,50.6,43.8,41.5,60.2
6119.3579,0.0142,54.4,45.6,45.5,64.0,49.2,39.0,53.3,60.8
6119.3701,-0.0871,53.0,47.1,50.3,63.7,48.9,40.4,59.8,58.7
6119.3818,-0.3368,51.7,44.0,58.8,63.9,48.8,42.9,66.5,55.5
6119.3940,-0.4359,51.0,46.7,60.3,60.1,50.7,47.2,64.3,53.0
6119.4058,-0.2123,49.0,60.1,57.7,49.7,54.6,58.5,57.8,48.6
6119.4180,-0.0932,48.2,63.2,54.7,45.0,56.7,61.1,53.8,48.3
6119.4302,-0.1566,48.4,62.7,49.7,38.0,63.2,60.0,47.1,45.4
6119.4419,-0.1791,49.8,61.3,49.9,39.9,64.1,59.6,47.7,45.8
6119.4541,-0.2751,53.5,62.7,49.5,44.0,67.0,60.5,47.6,46.6
6119.4658,-0.2801,51.9,57.0,57.2,50.6,58.6,59.7,52.0,49.6
6119.4780,0.5327,48.0,50.2,64.3,53.9,49.5,58.8,56.8,51.4
6119.4902,0.6098,47.3,54.3,60.5,51.2,45.5,60.5,55.6,46.6
6119.5010,0.5144,47.9,57.6,55.4,49.6,44.9,59.5,55.4,43.3
6119.5112,0.5144,54.6,60.5,50.3,47.1,50.3,60.1,53.7,40.3
6119.5229,0.2598,59.0,60.2,47.7,45.8,54.5,59.6,51.9,39.6
6119.5352,0.2299,52.0,58.0,45.6,38.7,53.6,54.9,47.3,38.5
6119.5469,0.1982,47.3,56.6,46.0,37.7,51.7,52.7,46.0,39.8
6119.5591,0.0448,40.9,61.4,47.4,39.6,47.3,57.3,46.6,37.4
6119.5708,0.0077,41.1,58.9,49.2,44.7,46.4,57.1,50.4,42.7
6119.5830,-0.1263,45.1,50.2,51.7,50.2,46.8,49.4,60.8,47.8
6119.5952,-0.1542,45.4,50.4,52.5,50.9,48.3,48.1,61.5,47.1
6119.6069,-0.2192,42.8,56.4,51.3,46.5,48.4,53.8,57.1,41.1
6119.6191,-0.2066,47.0,58.3,50.7,42.8,52.7,57.1,52.0,41.0
6119.6309,-0.1828,52.1,60.4,48.2,41.1,57.8,59.5,47.1,44.1
6119.6431,-0.1765,55.7,55.3,43.8,41.9,61.8,56.0,41.0,50.9
6119.6548,-0.0401,57.7,49.9,41.8,43.1,63.1,51.0,37.8,56.2
6119.6670,0.1896,53.3,46.1,51.1,46.6,56.1,45.7,50.6,56.6
6119.6792,0.3056,50.8,46.7,56.0,49.3,52.2,44.5,58.5,54.8
6119.6909,0.2773,56.1,52.7,53.3,45.2,61.2,46.8,54.0,49.4
6119.7031,0.2119,57.4,55.7,50.5,45.2,63.7,49.3,50.8,48.5
6119.7148,0.2143,58.8,62.0,48.7,43.3,67.8,51.2,47.0,47.8
6119.7271,0.1961,55.0,61.6,51.7,43.7,60.9,55.2,48.2,46.0
6119.7388,-0.6144,45.7,58.7,57.7,43.7,48.2,61.3,52.2,43.0
6119.7510,-0.6712,44.6,60.5,57.4,44.5,44.0,64.2,52.3,42.3
6119.7632,-0.3735,46.3,64.4,55.5,45.4,43.5,66.6,51.7,42.1
6119.7749,-0.3551,55.1,59.6,52.5,45.5,50.5,59.4,47.8,50.9
6119.7871,-0.2417,59.2,56.2,50.4,46.9,54.5,54.5,46.2,57.3
6119.7988,-0.0454,57.0,50.5,53.1,56.8,54.9,43.8,54.3,60.6
6119.8110,0.1377,53.1,48.3,54.7,61.5,54.2,41.9,57.9,59.1
6119.8232,-0.0492,50.0,43.8,61.4,64.3,50.9,42.7,64.8,54.9
6119.8350,-0.1539,49.3,42.6,62.6,60.1,51.4,45.3,66.7,51.5
6119.8472,-0.4110,47.4,38.0,62.1,56.3,49.5,42.8,70.8,48.6
6119.8589,-0.4264,49.0,40.4,60.4,51.6,49.3,46.2,66.8,48.3
6119.8711,-0.1301,48.4,42.4,61.5,49.8,47.7,51.8,64.6,49.6
6119.8828,-0.0911,49.9,41.0,60.4,51.3,49.6,52.4,63.3,52.2
6119.8950,-0.0566,49.7,38.5,61.0,54.7,49.7,49.9,66.4,53.6
6119.9072,-0.0548,47.6,50.0,56.1,50.1,55.0,54.0,59.6,48.4
6119.9189,-0.0018,46.8,58.4,51.7,47.0,58.3,56.9,52.7,45.3
6119.9312,-0.0760,52.7,59.8,47.1,42.4,62.5,55.3,46.5,46.6
6119.9429,-0.1724,55.8,56.8,45.5,42.0,63.7,52.2,46.1,48.2
6119.9551,0.0531,59.8,51.8,40.3,47.1,67.2,47.7,43.0,55.7
6119.9668,0.1202,58.5,47.7,43.9,51.1,62.6,47.8,46.6,58.0
6119.9790,0.1658,52.9,44.2,56.8,51.2,51.1,52.4,57.0,54.8
6119.9912,0.1527,47.1,47.5,60.8,51.5,44.5,58.1,57.6,52.0
6120.0029,0.1554,40.1,53.5,61.9,49.9,39.9,68.9,55.0,48.1
6120.0151,0.1590,42.1,53.5,55.6,55.0,46.9,64.8,52.4,51.9
6120.0269,1.2009,47.7,50.3,49.9,61.5,56.6,56.2,49.5,58.4
6120.0391,1.2138,53.0,47.2,44.9,62.4,60.7,49.2,42.9,60.3
6120.0508,0.0449,55.6,46.2,42.9,61.1,60.4,45.7,40.0,60.2
6120.0630,-0.1869,53.1,52.4,44.9,52.0,55.6,50.9,41.2,47.9
6120.0752,-0.1767,52.3,54.7,48.5,46.8,53.4,53.8,44.8,42.5
6120.0869,-0.0678,57.8,54.1,48.5,40.6,63.3,52.5,46.0,41.0
6120.0991,-0.0178,60.5,53.7,49.4,41.6,66.4,51.9,47.1,43.9
6120.1099,0.0390,67.3,53.3,48.3,43.0,72.2,51.5,42.8,48.5
6120.1201,0.0259,64.7,54.5,49.3,45.6,68.5,52.8,44.9,48.8
6120.1318,0.1938,54.4,63.8,51.4,44.3,56.2,64.9,47.7,44.1
6120.1440,0.2091,52.2,62.1,51.9,47.2,50.5,61.9,48.3,45.8
6120.1558,0.1140,56.1,53.5,46.3,54.9,47.1,52.3,43.4,53.6
6120.1680,0.0912,52.6,55.0,46.1,56.1,46.6,52.4,45.2,51.9
6120.1802,0.2389,46.8,63.6,48.3,52.0,47.6,58.7,48.4,45.1
6120.1919,0.2418,44.5,65.8,51.2,47.2,51.1,63.0,50.9,40.1
6120.2041,0.0216,44.7,65.6,51.4,45.7,54.2,66.2,50.3,40.6
6120.2158,-0.0665,44.7,66.9,52.5,45.8,52.1,64.7,51.8,41.7
6120.2280,-0.0650,45.3,64.1,53.0,46.7,49.3,60.9,54.2,44.1
6120.2402,0.3231,47.4,53.1,55.5,55.5,49.4,48.3,62.0,52.6
6120.2520,0.4548,46.9,47.7,56.7,56.4,50.4,44.6,64.6,54.2
6120.2642,0.4579,45.0,40.1,65.1,50.8,45.6,43.2,63.4,51.1
6120.2759,0.4259,46.8,41.1,62.1,50.1,46.9,44.2,57.8,54.3
6120.2881,0.1610,49.0,41.6,55.5,56.3,48.5,41.1,55.0,61.3
6120.2998,0.0897,49.1,43.0,55.4,54.3,47.6,44.6,56.9,58.5
6120.3120,-0.3847,48.3,43.1,60.8,50.5,42.8,49.7,62.0,54.2
6120.3242,-0.3999,54.1,45.5,55.8,49.1,48.8,50.6,54.8,59.4
6120.3359,-0.3021,57.7,48.9,48.2,50.1,55.9,49.8,47.6,64.3
6120.3481,-0.1142,51.2,54.1,44.4,47.6,59.1,53.9,44.5,53.6
6120.3599,-0.0113,46.4,56.3,44.8,45.9,56.6,56.8,44.8,44.2
6120.3721,0.0651,42.0,61.1,44.1,42.2,46.9,60.2,44.8,36.0
6120.3838,0.0656,42.6,60.4,47.0,43.1,44.5,58.9,46.1,37.6
6120.3960,0.1413,43.2,55.1,60.4,44.6,40.6,55.4,50.9,41.1
6120.4082,0.1670,47.6,50.8,60.8,48.1,44.9,51.3,52.7,48.2
6120.4199,0.2248,58.6,49.4,51.8,53.1,56.2,49.4,44.3,60.8
6120.4321,0.2149,59.6,46.5,48.8,59.2,57.0,46.4,45.8,62.0
6120.4438,0.0394,56.0,46.1,47.2,68.3,54.3,42.5,49.0,58.4
6120.4561,0.0061,49.4,43.2,49.2,66.4,48.2,41.3,54.3,54.4
6120.4678,0.1079,45.6,41.7,50.3,61.4,45.2,40.7,57.8,51.7
6120.4800,-0.0224,44.3,41.1,58.1,53.9,42.9,44.7,64.2,48.2
6120.4922,-0.1432,46.5,43.7,62.3,49.0,45.2,47.8,65.7,46.8
6120.5039,-0.1450,45.8,48.9,63.6,45.9,40.5,57.0,61.1,45.7
6120.5161,-0.1233,49.9,51.5,60.9,45.7,44.6,59.3,55.2,48.4
6120.5278,-0.3062,58.8,52.2,54.3,43.9,56.6,56.3,44.7,57.5
6120.5400,-0.3730,58.8,52.6,49.7,46.5,60.1,52.7,44.7,59.3
6120.5518,-0.4398,55.3,50.3,46.0,52.0,57.4,45.5,53.8,58.9
6120.5640,-0.4147,53.2,50.5,45.3,58.5,54.2,45.6,53.9,60.4
6120.5762,-0.5286,54.5,51.1,43.0,63.2,53.1,46.2,49.5,64.1
6120.5879,-0.5122,52.3,49.4,48.2,64.4,52.3,44.0,55.8,62.6
6120.6001,0.0534,51.8,46.8,52.6,63.9,52.8,42.2,60.9,61.7
6120.6118,0.1376,46.9,47.6,59.3,57.7,49.9,55.8,59.2,55.8
6120.6240,0.1148,44.3,49.3,60.4,54.7,47.6,62.7,55.9,52.4
6120.6362,0.0677,41.6,54.6,56.0,49.4,50.5,62.8,52.3,45.4
6120.6479,0.0610,45.3,54.0,52.2,48.7,53.2,58.4,50.9,46.0
6120.6602,0.1051,55.7,51.1,44.0,56.4,57.1,53.5,44.9,58.4
6120.6719,0.1174,57.6,48.0,43.5,58.2,55.7,48.1,46.4,62.5
6120.6841,0.3476,53.3,42.3,45.0,59.1,51.8,37.2,54.4,62.4
6120.6958,0.3617,48.4,43.6,48.3,54.8,48.9,42.8,55.6,56.9
6120.7080,-0.0220,42.4,47.1,51.1,49.5,45.5,55.5,53.8,50.3
6120.7202,-0.0483,46.1,48.6,46.4,52.4,50.6,55.3,47.6,52.4
6120.7319,0.0617,51.8,48.6,41.8,56.8,55.5,53.2,42.3,56.8
6120.7441,0.0957,52.9,44.3,46.4,61.0,54.3,47.4,54.5,55.3
6120.7559,0.1180,52.7,42.4,51.0,59.9,53.8,43.7,62.5,50.8
6120.7681,-0.0017,59.9,45.1,50.1,52.1,61.2,45.6,53.7,48.9
6120.7798,-0.0921,61.5,46.3,49.2,47.4,61.4,47.6,48.1,49.9
6120.7920,-0.2257,61.0,45.7,44.0,42.4,57.2,47.7,38.5,54.5
6120.8042,-0.2170,56.8,48.9,44.5,42.1,55.1,51.2,39.4,54.7
6120.8159,-0.2175,52.5,56.3,45.8,40.4,62.2,57.9,41.2,50.0
6120.8281,-0.2135,54.3,56.8,45.8,43.0,65.6,56.4,42.0,53.2
6120.8398,-0.1867,61.9,55.0,43.6,47.5,69.6,52.3,41.3,61.3
6120.8521,-0.1756,59.3,48.3,49.3,53.1,62.0,47.2,50.1,59.1
6120.8638,0.0296,55.8,42.7,56.6,57.1,54.0,42.9,58.6,54.6
6120.8760,0.0567,50.3,51.1,56.4,51.0,51.3,46.0,55.9,45.2
6120.8882,0.0290,48.2,57.2,54.5,48.4,51.7,48.9,52.6,41.5
6120.8999,0.2317,48.6,51.1,57.2,54.5,50.4,45.4,59.7,48.5
6120.9121,0.3216,52.6,47.1,56.6,59.1,50.5,45.8,61.4,55.2
6120.9238,0.3276,62.2,47.3,48.7,65.4,50.6,45.4,52.5,65.9
6120.9360,0.2675,59.3,52.1,47.9,63.5,51.0,51.7,50.5,62.5
6120.9482,0.0954,49.4,61.9,50.7,55.3,50.0,66.1,50.7,49.6
6120.9600,0.0485,46.6,59.2,52.1,54.1,51.9,63.6,52.4,48.2
6120.9722,0.0553,48.3,51.0,52.9,59.3,53.7,54.1,53.0,54.1
6120.9839,0.0681,55.0,47.7,48.3,59.3,59.3,50.4,49.6,60.4
6120.9961,0.3881,60.4,46.4,42.5,57.3,62.9,47.6,45.8,64.1
6121.0078,0.4549,56.8,45.8,40.3,56.8,59.8,42.4,54.0,60.6
6121.0200,0.5078,53.0,44.7,42.8,56.2,55.7,40.8,60.2,57.8
6121.0322,0.2430,49.8,41.6,56.6,53.5,49.6,41.4,62.6,54.4
6121.0439,0.0609,47.8,43.3,62.3,52.3,45.6,46.4,60.0,52.6
6121.0562,0.0357,43.2,48.6,66.4,50.4,41.4,60.8,55.5,49.7
6121.0679,0.0418,42.6,50.1,64.5,50.7,42.1,60.2,55.4,48.6
6121.0801,-0.2435,44.6,46.0,63.4,54.0,44.5,51.1,62.1,50.5
6121.0918,-0.2712,45.6,45.3,61.5,51.7,44.9,52.3,62.7,49.5
6121.1040,-0.2533,44.2,47.2,60.6,47.9,42.7,58.4,61.0,47.0
6121.1162,-0.2431,43.2,55.7,56.3,44.3,43.9,59.6,57.0,43.3
6121.1279,-0.2604,41.6,62.0,51.6,43.9,44.9,59.4,52.8,40.6
6121.1401,-0.1827,43.5,53.2,57.8,46.3,45.2,54.0,58.0,43.5
6121.1519,-0.1305,46.5,45.3,62.6,49.2,46.1,48.7,63.1,47.1
6121.1641,-0.2397,54.2,49.2,58.3,44.3,53.0,47.7,56.0,50.9
6121.1758,-0.2775,57.0,52.2,53.2,45.2,54.7,48.8,51.3,54.4
6121.1880,-0.2070,59.9,52.2,41.6,53.7,57.7,47.8,47.1,63.0
6121.2002,-0.1618,58.6,50.3,42.5,57.0,56.2,48.0,47.7,62.7
6121.2119,-0.2475,55.9,46.0,53.2,57.8,53.1,43.2,53.7,55.6
6121.2241,-0.2314,50.8,46.9,60.9,54.1,49.5,47.4,55.0,48.9
6121.2358,-0.2222,44.5,49.7,65.0,50.6,44.5,58.5,53.0,46.0
6121.2480,-0.2124,46.0,55.0,59.5,44.8,48.9,64.1,49.6,46.7
6121.2598,0.0222,48.8,58.7,54.1,41.1,55.1,62.8,48.1,48.1
6121.2720,0.1884,49.0,57.6,52.8,42.8,52.2,68.7,49.6,47.9
6121.2842,0.2869,48.0,55.2,53.2,46.9,48.4,71.3,52.0,47.1
6121.2959,0.3525,47.6,49.7,48.0,53.6,47.4,58.4,54.1,49.1
6121.3081,0.2840,48.8,47.4,46.5,55.6,50.3,49.3,54.0,51.2
6121.3198,0.1937,56.9,48.2,45.1,55.3,58.0,45.1,44.8,61.1
6121.3320,0.1556,59.6,49.4,46.3,56.9,61.0,46.3,42.2,64.9
6121.3442,0.0740,61.9,48.1,46.3,62.1,63.5,47.5,39.4,69.6
6121.3560,0.0518,56.2,48.4,51.0,60.0,58.1,53.2,45.8,65.6
6121.3682,-0.3299,48.3,49.5,56.8,54.9,50.4,60.8,55.6,58.1
6121.3799,-0.3454,42.3,57.4,56.1,51.5,46.4,66.5,57.6,49.8
6121.3921,-0.4279,40.1,63.6,53.1,49.0,44.7,68.3,56.2,45.3
6121.4038,-0.2061,42.6,67.3,49.9,42.8,46.6,64.6,51.7,44.2
6121.4160,-0.0162,45.8,64.6,48.8,41.9,48.9,58.5,50.0,45.9
6121.4282,0.0811,45.2,62.8,48.4,41.4,58.6,57.3,50.0,42.3
6121.4399,0.0816,46.9,58.0,50.0,44.0,61.5,53.6,51.1,43.5
6121.4521,0.0932,53.8,56.3,49.4,41.0,61.3,51.2,46.9,48.3
6121.4639,0.0917,57.9,53.4,48.8,45.3,58.5,51.0,47.1,54.3
6121.4761,-0.0742,61.1,50.9,43.0,56.9,58.6,49.5,45.5,64.9
6121.4878,-0.0824,57.2,49.4,41.9,63.0,54.6,47.5,47.0,67.0
6121.5000,-0.3224,52.8,47.9,42.2,66.5,51.3,44.2,49.6,67.1
6121.5122,-0.3286,49.5,43.6,45.0,63.4,48.0,41.7,55.6,60.0
6121.5239,-0.3602,47.1,40.5,47.9,59.7,46.3,40.2,60.4,52.3
6121.5361,-0.2086,46.4,50.5,49.9,50.8,50.7,50.4,58.9,46.0
6121.5479,-0.0938,47.2,56.5,51.1,45.0,55.1,57.7,55.1,44.0
6121.5601,-0.2216,49.5,56.4,49.8,42.4,65.2,56.5,49.2,42.8
6121.5718,-0.3154,50.7,56.1,48.7,43.2,66.3,54.7,47.0,45.4
6121.5840,-0.1284,48.1,61.9,49.8,43.4,60.6,61.4,46.9,45.1
6121.5962,-0.0328,47.6,61.3,50.8,45.1,56.6,60.4,49.1,44.2
6121.6079,0.1559,49.1,63.0,50.0,43.5,60.1,60.1,48.5,39.7
6121.6201,0.1659,48.0,63.1,51.1,43.3,55.6,59.7,49.6,39.7
6121.6318,0.2988,43.8,64.0,51.7,42.5,48.9,61.8,50.3,39.3
6121.6440,0.2902,45.6,55.1,53.1,48.9,48.9,53.6,58.1,43.2
6121.6558,-0.3800,48.6,45.9,54.4,56.4,49.7,46.6,65.1,47.5
6121.6680,-0.3728,49.5,40.8,59.9,57.0,48.9,47.9,67.2,49.6
6121.6802,-0.2583,49.1,41.9,62.4,55.8,47.9,51.7,65.7,50.4
6121.6919,-0.1786,49.2,43.4,67.6,54.3,43.7,53.7,64.3,49.2
6121.7041,-0.1459,48.0,47.0,65.5,54.2,44.5,54.3,61.0,49.0
6121.7158,0.6454,47.7,46.5,54.6,59.8,46.9,46.9,55.0,54.6
6121.7280,0.7976,48.1,46.9,51.0,57.3,49.7,46.9,52.4,55.0
6121.7402,0.5402,45.8,46.1,53.5,54.3,48.1,51.3,54.5,53.2
6121.7520,0.4371,49.0,47.7,50.4,55.3,49.8,53.5,52.4,54.1
6121.7642,0.0029,53.9,47.2,44.5,59.1,51.7,49.4,48.4,57.1
6121.7759,-0.0177,57.6,49.6,44.1,52.9,61.5,48.1,47.5,54.6
6121.7881,-0.2588,59.1,52.8,45.5,46.8,68.4,49.8,46.7,50.2
6121.7998,-0.3674,56.0,51.4,47.1,53.3,61.6,48.5,49.6,53.9
6121.8120,-0.3874,53.7,49.4,47.9,58.3,55.1,47.8,50.5,58.1
6121.8242,0.0522,48.0,54.4,47.9,50.8,51.9,55.6,48.1,48.1
6121.8359,0.2590,46.2,55.1,49.3,47.7,50.6,56.4,49.9,44.2
6121.8481,0.2717,46.3,48.3,59.7,48.6,48.2,50.9,60.9,45.5
6121.8599,0.2434,47.2,44.3,63.9,48.9,47.9,47.9,63.7,46.4
6121.8721,0.2412,46.8,40.0,67.9,49.4,46.0,43.7,68.0,46.9
6121.8838,0.2077,46.2,41.7,65.1,49.7,46.1,42.9,68.1,48.7
6121.8960,0.1643,46.1,42.5,63.8,49.2,45.1,43.2,68.9,50.2
6121.9082,0.1418,47.8,49.3,58.9,44.7,50.9,48.3,61.4,48.4
6121.9199,0.0483,48.1,55.7,54.2,41.4,56.8,52.3,54.7,45.9
6121.9321,0.0057,51.6,54.0,46.9,45.1,59.9,51.3,44.2,50.6
6121.9438,-0.0097,54.3,51.0,43.5,49.2,58.2,49.9,39.8,54.8
6121.9561,0.0082,58.2,47.9,42.1,57.6,53.4,44.4,42.8,62.0
6121.9678,-0.0157,58.1,47.2,45.2,60.0,49.8,42.3,48.1,62.5
6121.9800,0.0260,55.6,41.1,55.0,59.1,47.1,38.5,58.0,57.2
6121.9922,0.0451,53.5,43.2,56.7,58.8,46.6,41.4,58.2,53.2
6122.0039,0.3020,54.7,46.5,52.2,65.3,48.1,42.7,51.3,54.7
6122.0161,0.3093,56.5,50.0,50.4,62.4,52.5,46.7,47.7,53.9
6122.0278,0.0419,61.2,52.3,48.1,56.8,61.0,50.1,43.3,54.2
6122.0400,0.0159,62.5,51.9,48.8,56.3,63.8,50.5,44.0,56.1
6122.0518,0.0133,62.8,51.7,48.4,57.4,63.7,48.7,45.0,58.1
6122.0640,0.1489,57.7,49.3,59.7,55.8,56.0,46.7,52.3,55.0
6122.0762,0.2378,54.3,47.5,66.0,54.3,50.6,48.0,57.0,51.9
6122.0879,0.4220,55.4,48.0,55.9,61.2,49.8,47.0,54.8,56.9
6122.1001,0.4407,54.9,48.5,49.7,62.0,51.9,48.5,51.5,60.4
6122.1118,0.3467,52.4,47.9,45.9,62.7,58.1,48.6,47.6,66.4
6122.1240,0.2773,52.0,49.3,44.5,61.2,58.8,49.6,44.9,65.3
6122.1362,0.1351,57.2,49.3,40.4,61.3,60.0,48.0,39.4,63.4
6122.1479,0.1274,56.1,48.6,41.1,60.7,58.4,46.0,43.2,62.0
6122.1602,-0.0554,53.6,46.1,41.7,63.9,55.7,41.9,49.7,62.1
6122.1719,-0.0581,47.6,47.6,50.0,58.9,49.2,45.2,57.6,57.3
6122.1841,-0.1375,44.3,50.4,56.6,53.1,44.9,50.0,60.9,53.6
6122.1958,-0.1136,50.4,51.7,51.9,56.0,49.2,50.9,50.4,57.3
6122.2080,-0.0540,54.6,51.2,46.6,57.9,53.6,49.4,45.0,58.4
6122.2202,0.3223,57.3,48.0,45.6,63.4,53.3,44.3,46.2,61.6
6122.2319,0.4832,56.8,45.9,48.8,61.1,52.1,42.1,49.6,59.5
6122.2441,0.2883,50.8,42.0,58.9,54.8,45.9,42.1,61.2,52.8
6122.2559,0.1500,49.2,42.8,59.9,50.1,45.5,44.9,60.2,52.5
6122.2681,-0.1951,54.2,45.5,53.4,44.9,51.4,47.1,47.6,58.3